Job Title,Company,Salary,Skills,Location
Senior Backend Developer (Golang),VNGGames,You'll love it,,Ho Chi Minh
Technical Lead (Ruby/Java/NodeJS/PHP),RAKSUL Vietnam,Thỏa thuận,,Ho Chi Minh
PHP Team Leader (Laravel/ SQL),ORO Vietnam,Thỏa thuận,,Ho Chi Minh
SAP ABAP/BTP Expert,CÔNG TY TNHH ABEAM CONSULTING (VIỆT NAM),Thỏa thuận,,Ho Chi Minh
Game Designer,Vinsprite Tech,Thỏa thuận,,Ho Chi Minh
"HO - Database Administrator (Oracle, SQL)",Ngân Hàng Á Châu | ACB,You'll love it,,Ho Chi Minh
Web Development (Fresher/ Junior),WebMD Health Services,You'll love it,,Ho Chi Minh
IMS Developer (Cobol),Capgemini Vietnam,You'll love it,,Ho Chi Minh
"Middle Tester (Qa QC, Agile/Scrum)",Rexy Technology,You'll love it,,Ho Chi Minh
AI Infrastructure Network Engineer,One Mount Group,You'll love it,"CompTIA Network+, Networking",Ho Chi Minh
Senior AI Engineer,One Mount Group,You'll love it,"Python, C++",Ho Chi Minh
"Mid/Sr Fullstack Developer (C#, ASP.NET, .NET Core)",Joblogic,You'll love it,"C#, English, AI, Azure, Cloud, .Net Core",Ho Chi Minh
"Mid/Sr Mobile Developer (Android, iOS, Flutter)",Joblogic,You'll love it,"Mobile Apps, English, AI, Flutter, iOS, Android",Ho Chi Minh
"Product Delivery Manager (SaaS, fluent English)",Joblogic,You'll love it,"Product Management, English, Business Analysis, Product Owner",Ho Chi Minh
"Principal/Senior QA QC Engineer (Automation,Playwright)","MONEY FORWARD VIETNAM CO.,LTD",You'll love it,"Automation Test, English, CI/CD, Database, QA QC",Ho Chi Minh
Solution Architect / Tech Lead (Blockchain Platform),GEM Corporation,Thỏa thuận,"JavaScript, Blockchain, Solution Architecture, English",Ho Chi Minh
Unity Games Developer (Puzzle/Casual/Hybrid-casual),ANTADA,Thỏa thuận,"Unity, Games, C#",Ho Chi Minh
Junior Machine Learning Engineer (Python/MLOps/AI),Gene Solutions,You'll love it,"Machine Learning, Python, DevOps, Linux, AI, MLOps",Ho Chi Minh
"Experienced Product Designer (UX, Figma)",SMG Swiss Marketplace Group,Thỏa thuận,"UI-UX, Design Systems, Usability testing, User journey, AI",Ho Chi Minh
"Senior Web Developer (React/Next.js, AI-enabled)",CÔNG TY TNHH FINAN,You'll love it,"ReactJS, NextJS, React Native, TypeScript, AI",Ho Chi Minh
Senior M365 Copilot & Power Platform Specialist,Renesas Design Vietnam,You'll love it,"Power Automate, Microsoft Dynamics 365",Ho Chi Minh
Salesforce Business Analyst (Nha Trang – Hybrid/Remote),Infodation Vietnam,You'll love it,"Business Analysis, Team Management, English, Agile, SQL",Ho Chi Minh
[HN/HCM] (Senior) Platform Engineer (Data Platform),One Mount Group,You'll love it,"Database, AI, Linux, DevOps",Ho Chi Minh
"Senior Generative AI ( NLP, LLM )","ARSEN Kawaijuku Tech Vietnam Co.,Ltd",You'll love it,"AI, LLM, Generative AI, Machine Learning, NLP, Python",Ho Chi Minh
Data Platform Engineer,Home Credit Vietnam,You'll love it,"Machine Learning, Kubernetes, Spark, Linux, Data Engineer",Ho Chi Minh
"Senior System Engineer (Linux, Windows Server, Cloud)",One Mount Group,You'll love it,"Linux, Terraform, CI/CD, Docker, Cloud, Windows Server",Ho Chi Minh
"Technical PM (Da Nang, Can Tho, Hybrid)",Dirox,You'll love it,"Project Management, AI, Software Architecture",Ho Chi Minh
iOS Engineer,Vulcan Labs,You'll love it,"iOS, Mobile Apps, MVVM, Swift",Ho Chi Minh
"Engineering Manager, B2C Product",ELSA,Thỏa thuận,"English, React Native, Swift, Product Management",Ho Chi Minh
"QC Engineer (Manual, Automation Test)",Pizza Hut Digital & Technology,You'll love it,"QA QC, Mobile Apps, Tester, Automation Test",Ho Chi Minh
Technical Animator (Avatar Motion & Unity Integration),Optimizer Việt Nam,You'll love it,"Unity, Blender, Design",Ho Chi Minh
Senior Database Administrator,NAB Innovation Centre Vietnam,You'll love it,"DBA, Database, Cloud, Oracle, SQL, PostgreSql",Ho Chi Minh
Principal QC Engineer,Titan DMS,You'll love it,"Team Management, Agile, QA QC, English, CI/CD",Ho Chi Minh
"Senior/Lead QA Engineer (QE, QC, Automation)",Pizza Hut Digital & Technology,You'll love it,"QA QC, Leadership, Automation Test",Ho Chi Minh
"UI/UX Designer (All levels, English)",Topicus Vietnam,You'll love it,"UI-UX, English, CSS, HTML, Figma, Prototyping",Ho Chi Minh
"Senior/Lead Software Engineer (ReactJS, React Native)",Pizza Hut Digital & Technology,You'll love it,"JavaScript, React Native, English",Ho Chi Minh
"Backend Dev (Golang, AI) - Lương cạnh tranh",Buymed,You'll love it,"Golang, Microservices Architecture, Kubernetes, ReactJS",Ho Chi Minh
Delivery Leader/Delivery Manager,Capgemini Vietnam,You'll love it,"Project Management, Leadership, Java, Risk Management",Ho Chi Minh
Software Asset Management Specalist,Renesas Design Vietnam,You'll love it,"Scrum, Team Management",Ho Chi Minh
"Remote Mobile App Developer (Java, Kotlin, Android)","Solventus, LLC",Thỏa thuận,"Android, Application Security, Java, API, Android studio",Ho Chi Minh
"Remote Fullstack Developer(TypeScript, ReactJS, NodeJS)","Solventus, LLC",Thỏa thuận,"TypeScript, NextJS, AWS, NodeJS, PostgreSql, ReactJS",Ho Chi Minh
Database Engineer (SQL Server),Live Payments,Thỏa thuận,"Database, SQL, English",Ho Chi Minh
GCP Cloud specialist (Japanese speaking),Capgemini Vietnam,You'll love it,"GCP, Japanese, Terraform, Cloud",Ho Chi Minh
Chuyên viên Phát triển ứng dụng (Java Developer),SACOMBANK,You'll love it,"Java, Windows Server, API, Linux, Microservices, Spring",Ho Chi Minh
"QA Architect (QA QC, Tester, Playwright, Selenium)",MEALSUITE,You'll love it,"Tester, Selenium, QA QC, Design, Playwright",Ho Chi Minh
"Linux System Developer (C Language, C++)",Endava Việt Nam,You'll love it,"Linux, English, Networking, Python, C++, C language",Ho Chi Minh
DevSecOps Engineer,CÔNG TY TNHH GIẢI PHÁP BRAIN TECH,Thỏa thuận,"DevSecOps, CI/CD, Kubernetes, Security, Docker",Ho Chi Minh
Data Engineer,CÔNG TY TNHH GIẢI PHÁP BRAIN TECH,Thỏa thuận,"Apache Spark, SQL, Elasticsearch, Cassandra, Apache Airflow",Ho Chi Minh
Software Engineer,CÔNG TY TNHH GIẢI PHÁP BRAIN TECH,Thỏa thuận,"Golang, Kafka, Elasticsearch, Cassandra, Oracle, Java",Ho Chi Minh
Full Stack Developer,CÔNG TY TNHH GIẢI PHÁP BRAIN TECH,Thỏa thuận,"React Native, API, Golang, Java, Oracle, NodeJS",Ho Chi Minh
Middle/Senior Software Engineer (Fullstack Developer),Gradion,You'll love it,"PHP, .NET, Java, AWS, Golang, NodeJS",Ho Chi Minh
Embedded Software Engineer,FUJIFILM Business Innovation Việt Nam,You'll love it,"Embedded, Linux, C language, C++, Windows",Ho Chi Minh
AI Engineer - Salary Up to 70M,FPT Software,Thỏa thuận,"AI, Python, LLM, Azure, OCR, Machine Learning",Ho Chi Minh
Embedded Software Engineer,Motorola Solutions,You'll love it,"Embedded C, OpenCV, Linux",Ho Chi Minh
"Product Owner (Airline & Travel Business, B2B/B2C)",CÔNG TY TNHH GIẤC MƠ BAY RẺ,You'll love it,"Product Owner, Product Management, User story, Scrum, Agile",Ho Chi Minh
Business Analyst (Middle),Saigon Technology,You'll love it,"Business Analysis, Agile, BPMN, UML, English",Ho Chi Minh
"AI Engineer (LLM RAG, Agent Workflow, Vector DB)",CÔNG TY TNHH GIẤC MƠ BAY RẺ,You'll love it,"Python, Prompt Engineering, Microservices, API, AI, LLM",Ho Chi Minh
"Frontend Dev (Angular, TypeScript, React, RxJS)",CÔNG TY TNHH GIẤC MƠ BAY RẺ,You'll love it,"Angular, API, RxJS, Tailwind, CSS 3, TypeScript",Ho Chi Minh
Data Platforms Team Leader,Home Credit Vietnam,You'll love it,"Spark, DevOps",Ho Chi Minh
Performance Test Engineer (English),KMS Technology,You'll love it,"Tester, Gatling, LoadRunner, Jmeter",Ho Chi Minh
"Middle Data Engineer (Python, SQL, BI, AWS)",BillEase,Thỏa thuận,"Data Engineer, ELT, Business Intelligence, AWS, SQL",Ho Chi Minh
SysOps - Trading System IT Operations & Support (SQL),Maybank Investment Bank,Thỏa thuận,"IT Support, Database, IBM DB2, CI/CD, SQL, Docker",Ho Chi Minh
Cyber Security Consultant,Capgemini Vietnam,You'll love it,"Cybersecurity, Governance, Risk & Compliance",Ho Chi Minh
SecOps Engineer,CÔNG TY TNHH NEXTEDGE,You'll love it,"DevSecOps, Cloud Security, Information Security, Cybersecurity",Ho Chi Minh
Senior Bridge Engineer - BrSE (Japanese N2+),"ANDPAD VietNam Co., Ltd",You'll love it,"Bridge Engineer, Japanese, Project Management, QA QC",Ho Chi Minh
Senior AI Engineer (Infrastructure Focus),Bitcoin Builders,Thỏa thuận,"PyTorch, Deep Learning, Machine Learning, AI, Docker",Ho Chi Minh
Backend Technical Lead,TymeX,You'll love it,"Java, Design Systems, Event-Driven Architecture, Microservices",Ho Chi Minh
Security Architect / Senior Security Engineer,Prime Tech Solution,You'll love it,"Cybersecurity, Zero Trust Architecture, Cryptography, Security",Ho Chi Minh
Fullstack Dev - AI products,TecAlliance Vietnam,You'll love it,"Fullstack, Cloud Security, NumPy, Pandas, AI, Python",Ho Chi Minh
Cybersecurity Operations Manager - SOC Manager,AURIFY,Thỏa thuận,"Cybersecurity, DevSecOps, Vulnerability Management, Linux",Ho Chi Minh
Jr/Mid/Sr Golang Software Engineer,Floating Cube Studios,You'll love it,"Golang, ERP, Docker, Generative AI, English",Ho Chi Minh
Mid/Sr Software Engineer-AI system (Java/Golang/Python),Floating Cube Studios,You'll love it,"AI, Database, Golang, Java, Python",Ho Chi Minh
[Global Market] Senior .NET Developer (Good English),RIKKEISOFT,You'll love it,".NET, .Net Core, TypeScript, Microservices, API",Ho Chi Minh
"DevOps Engineer (Card Way4, System Integration..)",FE CREDIT,Thỏa thuận,"DevOps, Database, CI/CD, AWS, Oracle, Java",Ho Chi Minh
Principal AI/LLM Solution Engineer (Cloud Contract),"MONEY FORWARD VIETNAM CO.,LTD",Thỏa thuận,"AI, LLM, MLOps, Cloud, Python, Golang",Ho Chi Minh
"Automation Tester (Java, Selenium)",CODE88 COMPANY LIMITED,Thỏa thuận,"Automation Test, Tester, QA QC, English, Selenium, Java",Ho Chi Minh
"Principal/Senior Hybrid QA QC (Manual, Automation)","MONEY FORWARD VIETNAM CO.,LTD",You'll love it,"QA QC, Playwright, Postman, API, Automation Test, Agile",Ho Chi Minh
Principal/Senior Golang Engineer,"MONEY FORWARD VIETNAM CO.,LTD",You'll love it,"Golang, CI/CD, PostgreSql, MySQL, AWS, English",Ho Chi Minh
Senior Application Security/ Threat Modelling,Dai-ichi Life Việt Nam,You'll love it,"Application Security, Microservices, API, DevSecOps",Ho Chi Minh
AI Builder Product Manager (Good English),Spartan Dev Inc,You'll love it,"Product Management, LLM, Data-driven, English, PRD, AI",Ho Chi Minh
(Lead/Senior) AI-Native Software Engineering,KMS Technology,You'll love it,"Software Architecture, LLM, English, AI",Ho Chi Minh
"Tech Lead (Java, React Native, AWS, English)",Pizza Hut Digital & Technology,You'll love it,"Fullstack, English, AWS, React Native, Java, Leadership",Ho Chi Minh
"Site Reliability Engineer (SRE, AWS, Azure, Cloud)",Pizza Hut Digital & Technology,You'll love it,"Incident Response, Cloud, DevSecOps, Terraform, English",Ho Chi Minh
Java Software Engineer,Pizza Hut Digital & Technology,You'll love it,"Java, Event-Driven Architecture, API, SQL, Spring Boot",Ho Chi Minh
"Bridge Engineer (BrSE/Project Manager, Japanese N2)",IVS,You'll love it,"Bridge Engineer, .NET, C#, Japanese, Project Management",Ho Chi Minh
"Junior iOS Mobile Developer (Swift, English)",Motorist Pte Ltd,Thỏa thuận,"iOS, API, Database, OOP, Swift, English",Ho Chi Minh
Senior Data Engineer (Data Platform),Vinamilk,You'll love it,"Data Engineer, Terraform, Kafka, AWS, Data Warehousing",Ho Chi Minh
Java (Spring) Backend Engineer (Middle/Senior),Floating Cube Studios,You'll love it,"Java, Spring Boot, OOP, Spring, AWS, SQL",Ho Chi Minh
Information Security & Cyber Resiliance Officer,AURIFY,Thỏa thuận,"Information Security, ISO 27001, Cloud Security, PCI DSS",Ho Chi Minh
Senior UI/UX Designer (Edtech),DOL English,You'll love it,"UI-UX, Design Systems, Adobe XD, Product Design, Figma",Ho Chi Minh
"Mid/Sr Mobile Apps Android Engineer (Java, Kotlin)",Floating Cube Studios,You'll love it,"Android, Java, Flutter, Mobile Apps, Kotlin",Ho Chi Minh
Technical Lead/Technical Architect,Droppii,You'll love it,"Leadership, Microservices Architecture, NodeJS, Python",Ho Chi Minh
"IT Support Helpdesk (Ms365, LAN/WAN, English required)",FOUR HANDS,You'll love it,"IT Support, Cloud, Security, English, Microsoft Dynamics 365",Ho Chi Minh
Mobile Technical Lead,TymeX,You'll love it,"Mobile Apps, English, Kotlin, Swift, Android, iOS",Ho Chi Minh
"Software Developer (.Net, Java) - Speaking Japanese",ISV Vietnam,You'll love it,"Java, C#, .NET",Ho Chi Minh
3D Environment Artist (Game / VR),CurlyBlue,You'll love it,"Design, Unity, 3ds Max, Maya, Blender, Games",Ho Chi Minh
3D Artist (Game / VR),CurlyBlue,You'll love it,"Games, Unity, 3ds Max, Blender",Ho Chi Minh
Java Developer (Senior/Middle),VNGGames,You'll love it,"Spring, Spring Boot, API, MySQL, CI/CD, Kafka",Ho Chi Minh
Scrum Master/ Scrum Coach,One Mount Group,You'll love it,"Scrum, Agile, Less, Jira, Project Management",Ho Chi Minh
Senior Automation Tester,Capgemini Vietnam,You'll love it,"Automation Test, Java",Ho Chi Minh
Senior/ Principal Android Engineer (Kotlin),"ANDPAD VietNam Co., Ltd",You'll love it,"Android, MVVM, Clean Architecture, Kotlin, AWS, English",Ho Chi Minh
Senior Engineer - Front End,what3words,Thỏa thuận,"TypeScript, ReactJS, NextJS, English",Ho Chi Minh
Senior/Principal iOS Native Engineer (Swift),"ANDPAD VietNam Co., Ltd",You'll love it,"iOS, MVVM, Clean Architecture, Swift, English, AWS",Ho Chi Minh
Staff Engineer - Backend,what3words,Thỏa thuận,"Java, LLM, FastAPI, Python",Ho Chi Minh
QC Engineers (Manual Tester - Junior/Middle Level),bbv Vietnam,You'll love it,"QA QC, Tester, SQL",Ho Chi Minh
"Mid/Senior Backend/Fullstack Java Engineer (Spring, AI)",Seven System Vietnam,You'll love it,"Java, MQTT, Kafka, Spring, AI, PostgreSql",Ho Chi Minh
Game Server Developer (C++),Công ty TNHH Công Nghệ Tamron Việt Nam,You'll love it,"C++, MySQL, Windows Server, Games, C language, SQL",Ho Chi Minh
CV Tư Vấn Giải Pháp/ Business Analyst (Banking/Fintech),SACOMBANK,You'll love it,"Business Analysis, API, Java, Microservices, Cloud, .NET",Ho Chi Minh
"Senior Fullstack Engineer (Angular, .NET)",S4BT Solutions for Business Travel.,You'll love it,"Fullstack, HTML, Angular, C#, .NET, SQL",Ho Chi Minh
UI/UX Designer (Senior),The One Digi Corp,Thỏa thuận,"Design, Visual Design, Illustrator, Design Systems, Figma",Ho Chi Minh
Global Microsoft Endpoint Engineer,Renesas Design Vietnam,You'll love it,"English, IT Support",Ho Chi Minh
Mid/Senior IT Business Analyst (BA),Ahasoft,You'll love it,"Business Analysis, Stakeholder management, Figma, BRD",Ho Chi Minh
Engineering Director (Open for Expat),"MONEY FORWARD VIETNAM CO.,LTD",You'll love it,"Project Management, Team Management, English",Ho Chi Minh
"Senior .Net Developer(C#, ASP.NET Core, Azure)",Ahasoft,You'll love it,".NET, AI, VueJS, C#, Azure, ASP.NET",Ho Chi Minh
Java Software Engineer,Home Credit Vietnam,You'll love it,"Java, Spring Boot",Ho Chi Minh
Odoo Functional Consultant,Port Cities Vietnam,You'll love it,"Odoo, ERP, English",Ho Chi Minh
Senior/Lead Python Engineer,CODE LEAP,You'll love it,"Django, Python, AWS",Ho Chi Minh
Senior/Lead Data Engineer,Grab (Vietnam) Ltd.,You'll love it,"Python, AWS, Scala, Golang, Apache Spark",Ho Chi Minh
Senior Security Engineer (Application Security),CodeLink,You'll love it,"Application Security, Vulnerability Management, DevSecOps",Ho Chi Minh
"QA Automation Tester (Java, Javascript)",MiTek Vietnam,You'll love it,"Automation Test, Python, JavaScript, Robot Framework, Tester",Ho Chi Minh
"Head of Engineering, Backend, Frontend, DevOps, .NET",TOPPION GROUP,Thỏa thuận,"Team Management, DevOps, Docker, Microservices, .Net Core",Ho Chi Minh
.NET Developer,Simpson Strong-Tie Vietnam,You'll love it,".NET, English, .Net Core, C#",Ho Chi Minh
Senior Full-stack Developer (SAP Hybris),Simpson Strong-Tie Vietnam,You'll love it,"Java, Microservices, ReactJS, Spring Boot, SAP",Ho Chi Minh
AI Engineer,Dirox,You'll love it,"AI, Python, Docker, LLM, Generative AI",Ho Chi Minh
Game Client Developer (Cocos Creator/Unity/C#),RGP Software Processing,You'll love it,"Games, Spin, Cocos Creator, Cocos2d-x, C#, Unity",Ho Chi Minh
Backend Developer (Java/ WebSocket/ Redis/ Kafka),RGP Software Processing,You'll love it,"Java, Redis, MySQL, Kafka, Spring",Ho Chi Minh
Mid/Sr Java Developer (English Required) - Up to 3200$,"Rakuten Fintech Vietnam Co., Ltd.",Thỏa thuận,"Java, Unit test, Spring Boot, Spring, SQL, English",Ho Chi Minh
"AI Developer (Python, C#, Git, JavaScript, Azure)",SAVILLS VIETNAM,You'll love it,"AI, Azure, JavaScript, Git, C#, Python",Ho Chi Minh
"Senior Fullstack Developer (ReactJS, NodeJS)",Template.net,You'll love it,"JavaScript, Product Management, Generative AI, NodeJS",Ho Chi Minh
Senior Machine Learning Engineer (Open for Team Lead),Home Credit Vietnam,You'll love it,"Machine Learning, English, NLP, LLM, Python",Ho Chi Minh
"Junior Power Platform Dev(UI/UX, .NET)(Strong English)",Wilmar CLV (Cambodia Laos Vietnam),You'll love it,"UI-UX, HTML, JavaScript, ASP.NET, C#, .NET",Ho Chi Minh
".NET Developer (C#, ASP.NET,...)(strong English)",Wilmar CLV (Cambodia Laos Vietnam),You'll love it,".NET, API, SQL, MVC, ASP.NET, C#",Ho Chi Minh
Technical Project Manager (English),Terralogic,Thỏa thuận,"Team Management, Stakeholder management, Product Management",Ho Chi Minh
Senior Backend Engineer (Nodejs),FireGroup,You'll love it,"NodeJS, Redis, MongoDB, PostgreSql, MySQL, OOP",Ho Chi Minh
Senior Golang Developer,CÔNG TY TNHH FINAN,You'll love it,"Golang, Redis, PostgreSql, Microservices, Kubernetes",Ho Chi Minh
Senior QA/QC Engineer,CÔNG TY TNHH FINAN,You'll love it,"QA QC, Selenium, Python, Java, Postman",Ho Chi Minh
Data Engineer (Middle),CÔNG TY TNHH FINAN,You'll love it,"Python, MongoDB, PostgreSql, AI, SQL",Ho Chi Minh
Senior Java AI Backend Engineer (English),HRS Group,Thỏa thuận,"Java, English, AWS, Python, AI",Ho Chi Minh
"(Senior) Mobile Developer (iOS, Android)",GFT Technologies Vietnam,You'll love it,"iOS, Java, Swift, Kotlin, Android, English",Ho Chi Minh
Technical Lead (Go/Java/Kotlin/TypeScript/Python),"MONEY FORWARD VIETNAM CO.,LTD",You'll love it,"Golang, Python, TypeScript, Kotlin, Java",Ho Chi Minh
"Software Engineer II (C#, dotnet,Java)",Motorola Solutions,You'll love it,,Ho Chi Minh
Project Manager,MOR,Thỏa thuận,,Ho Chi Minh
Frontend Engineer,Vulcan Labs,You'll love it,,Ho Chi Minh
"Senior iOS Engineer (Swift, MVVM, MVC)",EPAM Vietnam,You'll love it,,Ho Chi Minh
"Senior Java Engineer (Spring Boot, Microservices, SQL)",EPAM Vietnam,You'll love it,,Ho Chi Minh
[HCM] Salesforce Developer (All level) | Up to 55M VND,Hybrid Technologies,Thỏa thuận,,Ho Chi Minh
"Mobile App Developer (.NET, Xamarin, iOS/Android, AI)",Song Technologies LLC,You'll love it,,Ho Chi Minh
Technical Architect,HSC,You'll love it,,Ho Chi Minh
"Manual QA Engineer/Tester (QA QC, English, Insurance)",FWD VTC,You'll love it,,Ho Chi Minh
Software Project Manager – Japanese OR Chinese Speaking,Bosch Global Software Technologies Company Limited,You'll love it,,Ho Chi Minh
"R&D System Engineer (VMware, Docker, Kubernetes)",GLOBALTECH,You'll love it,,Ho Chi Minh
Fullstack Software Engineer,Talosix,Thỏa thuận,,Ho Chi Minh
Mid/ Senior Game developer ( Cocos Creator ),BinarixTech,You'll love it,,Ho Chi Minh
Senior QC Engineer,Vietlink,Thỏa thuận,,Ho Chi Minh
.NET Developer (Mortgage Systems),Topicus Vietnam,You'll love it,,Ho Chi Minh
"Chuyên viên Phát triển MIS (Data Analyst/ Engineer, BI)",SACOMBANK,You'll love it,,Ho Chi Minh
Chuyên viên QC (Automation Tester/ QA QC),SACOMBANK,You'll love it,,Ho Chi Minh
Requirements Management Tools DevOps Engineer,Renesas Design Vietnam,You'll love it,,Ho Chi Minh
"Data Engineer (Java, Kafka, Spark, Flink, Hadoop)",Tổng công ty Tân Cảng Sài Gòn (Saigon NewPort Corporation),Thỏa thuận,,Ho Chi Minh
Security Operations Center Analyst (IT Support),Mắt Bão BPO,You'll love it,,Ho Chi Minh
Quản trị hệ thống Cơ sở Dữ liệu (DBA - Database Admin),SACOMBANK,You'll love it,,Ho Chi Minh
CV Quản Trị Hệ Thống/ System Admin (Unix/ Linux),SACOMBANK,You'll love it,,Ho Chi Minh
"Data Analyst (Power BI, SQL, BI Developer, BA)",Tổng công ty Tân Cảng Sài Gòn (Saigon NewPort Corporation),Thỏa thuận,,Ho Chi Minh
AI Workflow Engineer (Node.js / AI Automation),AiClipX,Thỏa thuận,,Ho Chi Minh
Web Developer (PHP & JavaScript),Deliveree On-Demand Logistics,You'll love it,,Ho Chi Minh
Manual Tester (QA QC),DeliGroup,You'll love it,,Ho Chi Minh
Middle/SeniorCloud Infrastructure Engineer (AWS/Kuber),Ngân hàng TMCP Phương Đông | OCB,You'll love it,,Ho Chi Minh
Middle/Senior Database Administrator (DBA),Ngân hàng TMCP Phương Đông | OCB,You'll love it,,Ho Chi Minh
"Senior Backend Developer (Java, Golang, SQL, Database)",10X Technology and Consulting,You'll love it,,Ho Chi Minh
Senior Product Owner – B2B SaaS (ERP / E-Office),MYMIND,You'll love it,,Ho Chi Minh
"Data Engineer (SQL, Agile)",Live Payments,Thỏa thuận,,Ho Chi Minh
"Senior C#/.NET Engineer (ReactJS, English)",HRS Group,You'll love it,,Ho Chi Minh
Senior / Lead AI Engineer (English Speaking),Topicus Vietnam,You'll love it,,Ho Chi Minh
"Data Engineer (Python, PowerBI, SnowFlake, DataBrick)",FPT Digital,You'll love it,,Ho Chi Minh
"Scrum Master (Scrum, Kanban, PSM I/CSM, Cloud, Azure)",FPT Digital,You'll love it,,Ho Chi Minh
"AI Engineer (Generative AI, MLOps, Scikit-learn, Azure)",FPT Digital,You'll love it,,Ho Chi Minh
Senior Business Analyst,New Ocean IS,You'll love it,,Ho Chi Minh
Senior ReactJS Developer,SSTech,You'll love it,,Ho Chi Minh
"Junior Web Developer (Ruby on Rails, ReactJS, VueJS)",Motorist Pte Ltd,Thỏa thuận,,Ho Chi Minh
"Network Platform Developer (Golang, C/C++, Linux)",SkyLab,You'll love it,,Ho Chi Minh
"HO - Business Intelligence Executive (Power BI, SQL)",Ngân Hàng Á Châu | ACB,You'll love it,,Ho Chi Minh
UI/UX Designer,Hitachi Digital Services,You'll love it,,Ho Chi Minh
"Senior Fullstack Engineer (Go, TypeScript, ReactJ)","Gearment Co.,Ltd",You'll love it,,Ho Chi Minh
Manual/Auto Tester QC Engineer (Junior/Middle/Senior),Floating Cube Studios,You'll love it,,Ho Chi Minh
Senior Infrastructure Engineer (System/Networking),Gene Solutions,You'll love it,,Ho Chi Minh
"Fullstack .NET Dev (C#, ReactJS, SQL)",Dory Company Limited,You'll love it,,Ho Chi Minh
Senior / Lead Java Backend Developer (Game),BinarixTech,Thỏa thuận,,Ho Chi Minh
"Middle/Senior Automation QA (SDET, QA, QC, CICD)",YOONG,You'll love it,,Ho Chi Minh
Senior/Lead Data Engineer,GFT Technologies Vietnam,You'll love it,,Ho Chi Minh
Product Manager (Attractive Package),Simple Tech Investment,Thỏa thuận,,Ho Chi Minh
Product Designer,Simple Tech Investment,Thỏa thuận,,Ho Chi Minh
"Firmware Engineer (Embedded Linux, C/C++, ARM)",IriTech Vietnam,You'll love it,,Ho Chi Minh
Product Designer (UX/UI- Remote),Fastboy Marketing,Thỏa thuận,,Ho Chi Minh
"Senior/Lead Software Engineer (Java, Golang, English)",GFT Technologies Vietnam,You'll love it,,Ho Chi Minh
Engineering Manager,TymeX,You'll love it,,Ho Chi Minh
Mid-Senior Backend .NET Developer,Blogic Systems,You'll love it,,Ho Chi Minh
"UI-UX Designer (Figma, Adobe XD)",10X Technology and Consulting,You'll love it,,Ho Chi Minh
Senior Laravel Developer,KOSATEC EMPOWERING GLOBAL INNOVATION,Thỏa thuận,,Ho Chi Minh
IT Support Specialist (US Market),Blogic Systems,Thỏa thuận,,Ho Chi Minh
Manual QA Engineer (QA QC/Tester),Spendora,You'll love it,,Ho Chi Minh
Product Manager ( Logistics B2B SaaS),Spendora,Thỏa thuận,,Ho Chi Minh
Software Developer (.Net),Spendora,You'll love it,,Ho Chi Minh
Senior Platform Engineer,CÔNG TY CỔ PHẦN CHỨNG KHOÁN KAFI,You'll love it,,Ho Chi Minh
QA/Test Engineer,AiClipX,Thỏa thuận,,Ho Chi Minh
Quality Control Specialist (Automation Test/SQL/QA QC),GALAXY HOLDINGS,You'll love it,,Ho Chi Minh
(Senior/Junior) IT Business Analyst,KMS Technology,You'll love it,,Ho Chi Minh
"Fullstack Developer (Remote) (C#, ASP.NET, English)",VCAPTECH,Thỏa thuận,,Ho Chi Minh
Data Engineer,Inbox4us,Thỏa thuận,,Ho Chi Minh
Fullstack - HTML5/CSS/JS/WordPress,"Alive Việt Nam Co., Ltd",You'll love it,,Ho Chi Minh
Security Operations Center Analyst (IT Support),Mắt Bão BPO,You'll love it,,Ho Chi Minh
Senior Data (Engineer | Scientist),DatVietVAC,You'll love it,,Ho Chi Minh
Senior Data Engineer,Zuhlke Engineering Vietnam,Thỏa thuận,,Ho Chi Minh
QA Engineer (Manual & Automation) - 2 Openings,SMG Swiss Marketplace Group,Thỏa thuận,,Ho Chi Minh
"Senior Back-End Developer (Python, AI/ML, Integration)",Simpson Strong-Tie Vietnam,You'll love it,,Ho Chi Minh
"Senior AI Engineer (AIML/CV/OCR, Yolo, Python, Pytorch)",Simpson Strong-Tie Vietnam,You'll love it,,Ho Chi Minh
Frontend Engineer (Junior - Middle | Good English),Spartan Dev Inc,You'll love it,,Ho Chi Minh
Senior - Lead Game Tester,Skylink Studio,Thỏa thuận,,Ho Chi Minh
05 System Admin (Linux),Vietnix,You'll love it,,Ho Chi Minh
DevOps Engineer (Junior/Middle/Senior),Saigon Technology,You'll love it,,Ho Chi Minh
Manual / Automation Tester - Quality Analyst (QA QC),MiTek Vietnam,You'll love it,,Ho Chi Minh
05 Senior/Lead Product Manager ( Fintech),M_Service (MoMo),You'll love it,,Ho Chi Minh
Senior AI Engineer,KOSATEC EMPOWERING GLOBAL INNOVATION,Thỏa thuận,,Ho Chi Minh
[Remote] Data Engineer (Python/ SQL),Công ty TNHH RENDA,You'll love it,,Ho Chi Minh
Middle/ Senior Business Analyst - Up to $3000,Alpaca Vietnam,You'll love it,,Ho Chi Minh
Senior Software Engineer (Python/Golang-AI Application),Zalopay,Thỏa thuận,,Ho Chi Minh
Senior Data Scientist,Zalopay,You'll love it,,Ho Chi Minh
"Software Engineer (C#, Angular, JS)",Beyondsoft Technology (Vietnam) Company Limited,Thỏa thuận,,Ho Chi Minh
Junior Tester (QA QC),ExoTrails,You'll love it,,Ho Chi Minh
"Web Fullstack Developer (ReactJS, NextJS, TypeScript)",ExoTrails,You'll love it,,Ho Chi Minh
Frontend Developer (ReactJs) (Middle/Senior),Digital Unicorn,You'll love it,,Ho Chi Minh
Business Analyst (Junior/Middle),Digital Unicorn,You'll love it,,Ho Chi Minh
Backend Developer (JavaScript/NodeJS) (Middle/Senior),Digital Unicorn,You'll love it,,Ho Chi Minh
Senior QA Automation Engineer,OL Vietnam,Thỏa thuận,,Ho Chi Minh
[English] Project Manager,Laidon Group,You'll love it,,Ho Chi Minh
Java Backend Developer (Spring),"SPECOM INC Co., Ltd",Thỏa thuận,,Ho Chi Minh
Manual Tester (QA QC),SRT GROUP,You'll love it,,Ho Chi Minh
Regional IT Manager,Deliveree On-Demand Logistics,You'll love it,,Ho Chi Minh
"Senior AI Developer (Generative AI, Python, FastAPI)",Coder Trove,You'll love it,,Ho Chi Minh
"AI Trainer – Coding Projects (Remote, Freelance)",Abc Studio Việt Nam,Thỏa thuận,,Ho Chi Minh
Fresher/Junior Fullstack Developer (Python/ JavaScript),RISKTECH JSC,You'll love it,,Ho Chi Minh
"Project Manager (Firmware/Hardware/Software, 2-5 YOE)",Gremsy JSC,Thỏa thuận,,Ho Chi Minh
"Data Engineer (AWS, Python, SQL, ETL, English)",Công Ty TNHH Neurobrain Dynamics Việt Nam,You'll love it,,Ho Chi Minh
Babylon.js Developer (Web 3D Developer),BLUE DRAGON COMMUNICATIONS,You'll love it,,Ho Chi Minh
IT Leader / Shopify Technical Lead (POD),Công ty POD Software,Thỏa thuận,,Ho Chi Minh
Senior Network Engineer (English & Japanese),Renesas Design Vietnam,You'll love it,,Ho Chi Minh
Associate Software Engineering Manager,Zalopay,You'll love it,,Ho Chi Minh
"QA Manager (Tester, Japanese N2+)","ANDPAD VietNam Co., Ltd",You'll love it,,Ho Chi Minh
Ruby Developer (Ruby on Rails + Reactjs),Trustify Technology,You'll love it,,Ho Chi Minh
Cybersecurity Engineer (Security/API/Networking),Phu Hung Securities (PHS),You'll love it,,Ho Chi Minh
Product Delivery Manager,Phu Hung Securities (PHS),You'll love it,,Ho Chi Minh
Trưởng phòng IT,CÔNG TY CỔ PHẦN MINH HƯNG M&C,You'll love it,,Ho Chi Minh
(Good English) .NET Application Engineer | Banking,Innotech Vietnam Corporation,You'll love it,,Ho Chi Minh
Senior-Middle QA QC / Tester (English),Innotech Vietnam Corporation,You'll love it,,Ho Chi Minh
"Senior DevSecOps Engineer –Logistics Platform (AWS,SQL)",Smartlog,Thỏa thuận,,Ho Chi Minh
IT Business Partner Manager,"HUMVENTURES CO.,LTD",You'll love it,,Ho Chi Minh
"AI/ML & Data Science Manager (GenAI, Python)",Pharmacity,You'll love it,,Ho Chi Minh
"Senior Analyst, Operations FP&A (English)",Aviron,You'll love it,,Ho Chi Minh
Data Engineer Leader,Fullerton Health,You'll love it,,Ho Chi Minh
"Backend Developer (Java,Spring,NodeJS,AWS,MySQL)",BLUE DRAGON COMMUNICATIONS,You'll love it,,Ho Chi Minh
Senior Technical Product Manager (Agentic AI),Katalon,You'll love it,,Ho Chi Minh
[REMOTE] 2D Game Artist,Athena Studio,You'll love it,,Ho Chi Minh
[REMOTE] Game Designer,Athena Studio,You'll love it,,Ho Chi Minh
Senior Fullstack Developer (.NET/ReactJS - Chứng khoán),Maybank Investment Bank,Thỏa thuận,,Ho Chi Minh
Senior Business Analyst (Chứng khoán),Maybank Investment Bank,Thỏa thuận,,Ho Chi Minh
"Business Analyst (Da Nang, Can Tho, Hybrid)",Dirox,You'll love it,,Ho Chi Minh
Mid/Sr DevOps Engineer (Terraform/Kubernetes),Saritasa,Thỏa thuận,,Ho Chi Minh
"Senior Game Designer (Puzzle, Board Games)",ANTADA,Thỏa thuận,,Ho Chi Minh
SENIOR/LEADER ReactJS Developer - Nhận Việc Ngay,VOYAGER INC,You'll love it,,Ho Chi Minh
Principal/Lead Backend Engineer (Java/Kotlin),"MONEY FORWARD VIETNAM CO.,LTD",You'll love it,,Ho Chi Minh
"Frontend Developer (3D experience, ReactJS, NextJS)",AROBID.COM,You'll love it,,Ho Chi Minh
Junior/Senior Cloud Infrastructure Engineer,GLOBALTECH,Thỏa thuận,,Ho Chi Minh
(HN/HCM) Senior Frontend Engineer (JavaScript (ES6+)),One Mount Group,Thỏa thuận,,Ho Chi Minh
(HN/HCM) Senior Product Owner (Data Platform),One Mount Group,Thỏa thuận,,Ho Chi Minh
(HCM) Senior Data Engineer,One Mount Group,Thỏa thuận,,Ho Chi Minh
Senior Backend Developer,GEEK UP,You'll love it,,Ho Chi Minh
JavaScript Developer (Workflow/SQL/JSON)- 1y Contractor,Bosch Global Software Technologies Company Limited,You'll love it,,Ho Chi Minh
Website Product Manager,Nakivo,Thỏa thuận,,Ho Chi Minh
"Senior QC (Da Nang, Can Tho, Hybrid)",Dirox,You'll love it,,Ho Chi Minh
Golang Backend Developer,HDBank,You'll love it,,Ho Chi Minh
"Senior DevOps Engineer (Agile, AWS)",Mercatus,You'll love it,,Ho Chi Minh
"FullStack Developer (Da Nang, Can Tho, Hybrid)",Dirox,You'll love it,,Ho Chi Minh
Senior Java Developer (Spring/OOP),Nakivo,Thỏa thuận,,Ho Chi Minh
Manual QA Engineer (QA QC/Tester/English),Nakivo,Thỏa thuận,,Ho Chi Minh
"Senior .NET Developer (.Net, Reactjs, Vuejs)",Trustify Technology,You'll love it,,Ho Chi Minh
Test Lead - Automation & AI Testing (1y Contractor),Bosch Global Software Technologies Company Limited,You'll love it,,Ho Chi Minh
Senior IT Business Analyst (1 year Contractor),Bosch Global Software Technologies Company Limited,You'll love it,,Ho Chi Minh
Technical Support Engineer (JavaSript/SQL)- 1y Contract,Bosch Global Software Technologies Company Limited,You'll love it,,Ho Chi Minh
Senior AI Developer (ML/Python/SQL) -1 year Contractor,Bosch Global Software Technologies Company Limited,You'll love it,,Ho Chi Minh
Senior IT Product & Service Manager (1y contractor),Bosch Global Software Technologies Company Limited,You'll love it,,Ho Chi Minh
Senior OutSystems Developer/ Expert (1 year Contractor),Bosch Global Software Technologies Company Limited,You'll love it,,Ho Chi Minh
Technical Product Marketing Manager (1 year contract),Bosch Global Software Technologies Company Limited,You'll love it,,Ho Chi Minh
IT Operations & Support Lead (1y Contractor),Bosch Global Software Technologies Company Limited,You'll love it,,Ho Chi Minh
Embedded Test Engineer (1-Year Contractor),Bosch Global Software Technologies Company Limited,You'll love it,,Ho Chi Minh
Embedded Software Engineer (Chinese Speaking),Bosch Global Software Technologies Company Limited,You'll love it,,Ho Chi Minh
DevOps Engineer - A26001,Activate Interactive Pte Ltd,You'll love it,,Ho Chi Minh
"Game 3D Artist (Blender, Maya, Unity3D, Adobe)",Supercent VN,You'll love it,,Ho Chi Minh
Python Systems Engineer (Python Internals+Pyodide/WASM),NEW IT,Thỏa thuận,,Ho Chi Minh
[Dubai] Platform Operations Lead (DevOps/SRE),Virtual Security Lab Cyber Risk Management Services L.L.C,Thỏa thuận,,Ho Chi Minh
"Backend Developer - Software Engineer (Golang, NodeJS)",NEXDOR VIET NAM,You'll love it,,Ho Chi Minh
[Global Market] Solution Architect,RIKKEISOFT,You'll love it,,Ho Chi Minh
Expert/Sr. IT Business Analyst,FE CREDIT,Thỏa thuận,,Ho Chi Minh
HN/HCM_ IT Communicator (Japanese – JLPT N1),ZIGExN VeNtura,You'll love it,,Ho Chi Minh
Senior AWS Network Engineer,Renesas Design Vietnam,You'll love it,,Ho Chi Minh
"Senior DevOps Engineer (AWS, Databricks)",TymeX,You'll love it,,Ho Chi Minh
[Remote] Senior Java Developer - Cluster Team Leader,B2B Commerce (M) Sdn. Bhd.,Thỏa thuận,,Ho Chi Minh
Intermediate React-Native Engineer (HCM / English),Perifit,Thỏa thuận,,Ho Chi Minh
Frontend Developer (ReactJS/VueJS/AI),WTECH VIETNAM,You'll love it,,Ho Chi Minh
"Senior Frontend Developer (VueJS, ReactJS, Angular)",Ahasoft,You'll love it,,Ho Chi Minh
Service Solutions Lead (Cloud Architecture),NetNam Corporation - Branch in HCMC,You'll love it,,Ho Chi Minh
Fresher / Junior Tester,TRUONG MINH THINH TECHNOLOGY JOINT STOCK COMPANY,You'll love it,,Ho Chi Minh
"Frontend Developer (Angular 2+, HTML5, CSS, TypeScript)",TRUONG MINH THINH TECHNOLOGY JOINT STOCK COMPANY,You'll love it,,Ho Chi Minh
Backend Developer (Golang/AI),WTECH VIETNAM,You'll love it,,Ho Chi Minh
Senior Backend Developer (Java/AI),WTECH VIETNAM,You'll love it,,Ho Chi Minh
DevSecOps Engineer,Laidon Group,You'll love it,,Ho Chi Minh
[English] AI Project Manager (AI Product),Laidon Group,You'll love it,,Ho Chi Minh
Automation QC Engineer (AI Data Cleansing Tool),Laidon Group,You'll love it,,Ho Chi Minh
AI Developer,Laidon Group,You'll love it,,Ho Chi Minh
"Junior PHP Developer (OOP, MVC)",CÔNG TY TNHH TINO INNOVATION,You'll love it,,Ho Chi Minh
AI Engineer (Machine Learning),Tôn Đông Á,You'll love it,,Ho Chi Minh
"Lead Frontend Engineer (Reactjs, Java, Nodejs)",NAB Innovation Centre Vietnam,You'll love it,,Ho Chi Minh
Middle/Senior Frontend Engineer (Reactjs),NAB Innovation Centre Vietnam,You'll love it,,Ho Chi Minh
Head of AI Operations & Deployment,CXVIEW,You'll love it,,Ho Chi Minh
"Computer Vision/AI Engineer (Python, PyTorch)",CXVIEW,You'll love it,,Ho Chi Minh
"Junior-Middle Backend Developer (Python, RESTful APIs)",Công ty TNHH Công Nghệ Angle AI,Thỏa thuận,,Ho Chi Minh
"Middle Cybersecurity Engineer / DevSecOps (AWS, Azure)",Công ty TNHH Công Nghệ Angle AI,Thỏa thuận,,Ho Chi Minh
"PHP Laravel Developer (MySQL,OOP, API)",Công Ty Cổ Phần SID Corp,You'll love it,,Ho Chi Minh
"Senior .NET Developer (C#, ASP.NET, PostgreSQL)",Công Ty TNHH 3W Logistics,You'll love it,,Ho Chi Minh
Business Analyst,Công Ty TNHH 3W Logistics,You'll love it,,Ho Chi Minh
Business Analyst,CÔNG TY TNHH MONIVA VIETNAM,Thỏa thuận,,Ho Chi Minh
Project Manager,CÔNG TY TNHH MONIVA VIETNAM,Thỏa thuận,,Ho Chi Minh
[XNOQuant] Senior Back End Developer (Python),XCapital Technology,You'll love it,,Ho Chi Minh
Fresher/Junior Software Tester,Công Ty Cổ Phần Orotech,You'll love it,,Ho Chi Minh
Fresher/Junior Backend Developer (PHP / Magento 2),Công Ty Cổ Phần Orotech,You'll love it,,Ho Chi Minh
"[XNOQuant] Full-Stack Engineer (TypeScript, JavaScript)",XCapital Technology,You'll love it,,Ho Chi Minh
"Software Developer (C#, SQL)",Công Ty TNHH Công Nghiệp Bao bì Visingpack,You'll love it,,Ho Chi Minh
"Shopify Developer (HTML, Java)",Công ty TNHH SHUEI TRADING Việt Nam,You'll love it,,Ho Chi Minh
Embedded Software Engineer (3-Months Contract),Bosch Global Software Technologies Company Limited,You'll love it,,Ho Chi Minh
"[Remote/Hybrid] Senior Frontend (ReactJS, English)",RIKKEISOFT,You'll love it,,Ho Chi Minh
Middle/Senior Software Engineer (Java),M_Service (MoMo),You'll love it,,Ho Chi Minh
Unit Head Of Data Science,FE CREDIT,Thỏa thuận,,Ho Chi Minh
Ruby on Rails Developer (Middle/Senior),Oivan,You'll love it,,Ho Chi Minh
UA Playable Ads Developer (Unity),NEXON DEV VINA,You'll love it,,Ho Chi Minh
Senior Business Analyst (Product Owner/Data Driven),RGP Software Processing,You'll love it,,Ho Chi Minh
Infrastructure & System Administrator (Linux),Magnolia,Thỏa thuận,,Ho Chi Minh
"UI/UX Designer (Figma, English)",Floware,You'll love it,,Ho Chi Minh
QA QC Engineer (Manual Tester),Floware,You'll love it,,Ho Chi Minh
"Implementation Engineer (JavaScript, API, Integration)",OL Vietnam,Thỏa thuận,,Ho Chi Minh
"Full Stack Developer (Python, AWS)",TecAlliance Vietnam,You'll love it,,Ho Chi Minh
AI Backend Engineer (Middle/Senior),TymeX,You'll love it,,Ho Chi Minh
Mid/Senior Android Engineer,SMG Swiss Marketplace Group,Thỏa thuận,,Ho Chi Minh
Senior Backend Engineer (Python/Django/SQL/API),GON TECH,You'll love it,,Ho Chi Minh
AI Data Engineer (NLP),GON TECH,You'll love it,,Ho Chi Minh
Product Owner / Business Analyst (ERP Platform),GON TECH,You'll love it,,Ho Chi Minh
Games Backend Golang Engineer,Vinsprite Tech,Thỏa thuận,,Ho Chi Minh
Junior Game QA (Quality Assurance),Vinsprite Tech,Thỏa thuận,,Ho Chi Minh
Lead Software Engineer (Warehouse & Sorting),GHN,You'll love it,,Ho Chi Minh
Senior Android Engineer,BAN VIEN CORPORATION,Thỏa thuận,,Ho Chi Minh
Cloud Consultant,NetNam Corporation - Branch in HCMC,You'll love it,,Ho Chi Minh
Senior Software Engineer (C#/C++),MiTek Vietnam,You'll love it,,Ho Chi Minh
Mid/Senior Product Analyst (prefer IT BA background),GEEK UP,Thỏa thuận,,Ho Chi Minh
Product Manager (English),Reclub Vietnam,You'll love it,,Ho Chi Minh
Data Analyst (Data Operations & BI),Reclub Vietnam,You'll love it,,Ho Chi Minh
Front End Developer (VueJS / Web3/ Blockchain),Nexsoft Technology,You'll love it,,Ho Chi Minh
"Business Analyst (Product Owner, Agile)",LittleLives,You'll love it,,Ho Chi Minh
Java Backend Developer (Middle/Senior/Leader),Capgemini Vietnam,You'll love it,,Ho Chi Minh
"Senior Data Science Analyst (SQL, Python, R)",ELSA,Thỏa thuận,,Ho Chi Minh
"UI/UX Designer (Mobile App, Figma, English, AI product)",Moatable,You'll love it,,Ho Chi Minh
Senior Fullstack Developer (ReactJS & Java) - English,Cloud Technology,Thỏa thuận,,Ho Chi Minh
Senior React Native Engineer (Expo/English),Reclub Vietnam,You'll love it,,Ho Chi Minh
Backend .NET Developer - CV Phát triển Ứng dụng nội bộ,HDBank,You'll love it,,Ho Chi Minh
"Frontend Developer (Java, Jmix, JavaScript, ReactJS)",HDBank,You'll love it,,Ho Chi Minh
Remote Backend Developer (NodeJS),Alpha Bravo Development,Thỏa thuận,,Ho Chi Minh
"Senior/ Middle Full-stack Developer (.NET, Java, PHP)",BYCN IT Vietnam,You'll love it,,Ho Chi Minh
"DevOps Engineer (AWS, Cloud)",CUBICSTACK SOLUTIONS,Thỏa thuận,,Ho Chi Minh
UI/ UX Designer,Simpson Strong-Tie Vietnam,You'll love it,,Ho Chi Minh
"Mid/Senior .NET Developer (C#, Angular/React)",Saigon Technology,You'll love it,,Ho Chi Minh
Senior Java Engineer – 24Hr Campaign,ELCA,You'll love it,,Ho Chi Minh
Business Analyst (Japanese Speaking),SAI Digital,You'll love it,,Ho Chi Minh
.NET Engineer/ Tech Lead (open for expats),Sioux High Tech Software,You'll love it,,Ho Chi Minh
"Automation Testing Engineer (Python, C++)",BAN VIEN CORPORATION,You'll love it,,Ho Chi Minh
"Junior Quality Control (QA QC, Tester, Jira, REST APIs)",Công ty TNHH SR GROUP,You'll love it,,Ho Chi Minh
"Mid/Sr .Net Engineer (RESTful APIs, Docker, CI/CD)",Công ty TNHH SR GROUP,You'll love it,,Ho Chi Minh
Senior Backend Developer (Java),HSC,You'll love it,,Ho Chi Minh
"FullStack Developer (NodeJS, ReactJS, AI)",HDS Services Vietnam,You'll love it,,Ho Chi Minh
"Fullstack Software Engineer (AWS, Python, Agile)",Vietlink,Thỏa thuận,,Ho Chi Minh
DSP Software Engineer (Embedded/Telecom/English),Terralogic,You'll love it,,Ho Chi Minh
Senior Front-end Developer (NextJS/ReactJS),CUBICSTACK SOLUTIONS,You'll love it,,Ho Chi Minh
"Mid/Sr Fullstack Engineer (C#, .NET, React, SQL, Azure)",MiTek Vietnam,You'll love it,,Ho Chi Minh
Designer Lead (UI/UX)/ Project Manager (English),Terralogic,You'll love it,,Ho Chi Minh
"Senior Frontend Developer (ReactJS, NextJS, English)",ekino Vietnam,Thỏa thuận,,Ho Chi Minh
"Frontend Developer (Angular, TypeScript, JavaScript)",CARE CONNECT VIETNAM,You'll love it,,Ho Chi Minh
"Mobile Developer (iOS/Android, Kotlin, Swift, MVC, Git)",CARE CONNECT VIETNAM,You'll love it,,Ho Chi Minh
"Japanese Mid - Tester (QA QC, SQL, API, Postman)",CARE CONNECT VIETNAM,You'll love it,,Ho Chi Minh
"Senior Master Data Operations Analyst (Java, SQL)",Renesas Design Vietnam,You'll love it,,Ho Chi Minh
Senior iOS Engineer,VNGGames,You'll love it,,Ho Chi Minh
"QA Manager (Automation Test, QA QC, English)",Nakivo,You'll love it,,Ho Chi Minh
"Data Scientist (Python, LLM, AI, Machine Learning)",Beyondsoft Technology (Vietnam) Company Limited,Thỏa thuận,,Ho Chi Minh
Technical / Solution Architect (C#/ WPF/ Cloud / AWS),Hitachi Digital Services,Thỏa thuận,,Ho Chi Minh
"Fullstack Developer (PHP/Python, React/Vue)",HDWEBSOFT,You'll love it,,Ho Chi Minh
Senior Site Reliability Engineer,NAB Innovation Centre Vietnam,You'll love it,,Ho Chi Minh
Senior AI Product Manager - eKYC,Trusting Social,You'll love it,,Ho Chi Minh
Mid/Senior Data Engineer (English),Relia Software,You'll love it,,Ho Chi Minh
Senior/Middle Frontend Developer – React/Next.js/Vue,TGL Solutions,Thỏa thuận,,Ho Chi Minh
"Project Manager /Quản lý Dự án (C#: ASP.NET, .NET)",TGL Solutions,Thỏa thuận,,Ho Chi Minh
"Senior Backend Developer (AWS, C# .NET, Nodejs)",TGL Solutions,Thỏa thuận,,Ho Chi Minh
Senior Application Engineer Backend Ruby,LIFULL Tech Vietnam,Thỏa thuận,,Ho Chi Minh
AI Engineer,Deliveree On-Demand Logistics,You'll love it,,Ho Chi Minh
"Backend Engineer (NodeJS, AWS)",Medigo,You'll love it,,Ho Chi Minh
Intermediate .NET Developer,Topicus Vietnam,You'll love it,,Ho Chi Minh
Senior Backend Engineer (Java/Go),TIKI,You'll love it,,Ho Chi Minh
Junior PHP Developers,Maruweb Viet Nam,Thỏa thuận,,Ho Chi Minh
Automation Tester (Selenium / Playwright / Cypress),Zyneric,Upto 34 triệu vnđ (net),,Ho Chi Minh
Data Engineer,Fullerton Health,You'll love it,,Ho Chi Minh
"Mid/Senior Backend Developer (NodeJS, English)",Fullerton Health,You'll love it,,Ho Chi Minh
Project Manager (PM / Senior PM) – Digital Transformati,AthenaFS,Thỏa thuận,,Ho Chi Minh
"10 Junior .NET Developer (HTML, C#, Javascript)",Tinh Van Consulting,You'll love it,,Ho Chi Minh
Project Manager,"TPIsoftware Co., Ltd",You'll love it,,Ho Chi Minh
HCM-Junior Implementation Consultant (SQL/Oracle/Java),OpenWay Asia,Thỏa thuận,,Ho Chi Minh
Senior Ruby on Rails Developer,ZIGExN VeNtura,You'll love it,,Ho Chi Minh
Senior PHP Developer (Laravel / ReactJS / VueJS),ZIGExN VeNtura,You'll love it,,Ho Chi Minh
Technical Business Analyst (English),CUBICSTACK SOLUTIONS,You'll love it,,Ho Chi Minh
"Senior Backend Developer (PHP, Laravel, MySQL, Kafka)",CUBICSTACK SOLUTIONS,Thỏa thuận,,Ho Chi Minh
"[Fresher/Junior] AI Agent Engineer (Grit, Python)",Eatlab co Ltd,Thỏa thuận,,Ho Chi Minh
[Hybrid Job] Agentic Tech Lead (Applied AI),CÔNG TY TNHH JV-IT TECHS,You'll love it,,Ho Chi Minh
Product Manager,Nakivo,Thỏa thuận,,Ho Chi Minh
Project Manager,Nakivo,You'll love it,,Ho Chi Minh
"Product Manager (AI-powered Solutions, US, English)",Moatable,You'll love it,,Ho Chi Minh
"[Remote] Backend Engineer (Python, Django/FastAPI)",Công ty TNHH RENDA,Thỏa thuận,,Ho Chi Minh
"Database Administrator (MariaDB, PostgreSQL, SQL)",Cadena Vietnam,You'll love it,,Ho Chi Minh
"QA QC Engineer (HRMS, Automation Test, Tester)",Cadena Vietnam,You'll love it,,Ho Chi Minh
Senior DevOps Engineer (SRE/Platform Engineer),Cadena Vietnam,You'll love it,,Ho Chi Minh
"Fullstack Developer (Golang, ReactJS, HRMS)",Cadena Vietnam,You'll love it,,Ho Chi Minh
Frontend Team Lead (JavaScript/ReactJS/NextJS),APOLLOGIX,You'll love it,,Ho Chi Minh
Project Manager,Parcel Perform,You'll love it,,Ho Chi Minh
"Product Designer (English, AI)",HRS Group,You'll love it,,Ho Chi Minh
"Sr Software Engineer, Machine Learning (AI, English)",GeoComply (GeoTech Hub Vietnam),You'll love it,,Ho Chi Minh
6 Fullstack (C# JavaScript) Sr Developers /up to $3000,RANGSTRUP IT Vietnam,Thỏa thuận,,Ho Chi Minh
5 .NET (C#) Junior developers,RANGSTRUP IT Vietnam,Thỏa thuận,,Ho Chi Minh
"Fullstack Developer (.NET 8, ReactJs, Kubernetes)",Restaff – House Of Norway,Thỏa thuận,,Ho Chi Minh
[Middle/ Senior] Cloud Engineer (AWS),NEC Vietnam,You'll love it,,Ho Chi Minh
"Tech Lead Manager (C#, .NET, ReactJS, English required)",FOUR HANDS,You'll love it,,Ho Chi Minh
"Middle/ Senior Java Developer (Spring Boot, AWS)",NEC Vietnam,You'll love it,,Ho Chi Minh
"05 Business Analyst (ERP, SQL)",Tinh Van Consulting,You'll love it,,Ho Chi Minh
"Backend Developer (Java, MySQL, Spring Boot)",WTECH VIETNAM,You'll love it,,Ho Chi Minh
"Fresher & Junior - Software Developer (.NET, Java, C#)",Netcompany,You'll love it,,Ho Chi Minh
"Sr. Backend Engineer (Java, Java+Python) - US Product",Moatable,You'll love it,,Ho Chi Minh
"Senior Frontend Engineer (JavaScript, VueJS, English)",Moatable,You'll love it,,Ho Chi Minh
"Full-stack Web (Nuxt.js / NextJS, NodeJS, Laravel)",CÔNG TY TNHH JV-IT TECHS,Thỏa thuận,,Ho Chi Minh
IT Communicator (Japanese – JLPT N2+),ARIS Vietnam,Thỏa thuận,,Ho Chi Minh
Senior/Lead Fullstack Developer,The One Digi Corp,Thỏa thuận,,Ho Chi Minh
Frontend Developer — React Grid Systems Typescript & UX,NEW IT,Thỏa thuận,,Ho Chi Minh
"Backend Engineer (Junior - Middle, English)",Spartan Dev Inc,You'll love it,,Ho Chi Minh
"Applied AI Engineer (Junior - Middle, English)",Spartan Dev Inc,You'll love it,,Ho Chi Minh
Test Engineer,Motorola Solutions,You'll love it,,Ho Chi Minh
Firmware Developer,Motorola Solutions,You'll love it,,Ho Chi Minh
Product Designer Lead,AROBID.COM,Thỏa thuận,,Ho Chi Minh
Bridge Software Engineer (Japanese),Cube System Việt Nam,Thỏa thuận,,Ho Chi Minh
"QA Engineer (QA QC, Tester)",LittleLives,You'll love it,,Ho Chi Minh
"Java Fullstack Developer (JavaScript, Web API, Spring)",Bowker Garment Factory,You'll love it,,Ho Chi Minh
Fullstack Developer (Blockchain & AI),CÔNG TY CỔ PHẦN ROMANA VIỆT NAM,You'll love it,,Ho Chi Minh
"Middle Backend Developer (NodeJS, NestJS, ExpressJS)",Eazylab VietNam,You'll love it,,Ho Chi Minh
ML Engineer (Froduction Focus),VNGGames,Thỏa thuận,,Ho Chi Minh
Senior Power Platform/Power Automate Consultant,iDeaLogic,You'll love it,,Ho Chi Minh
Fullstack Developer (Ruby on Rails/ PHP/ AWS/ English),Giftee Tech Vietnam,Thỏa thuận,,Ho Chi Minh
[Remote] Python Developer (Machine Learning Focus),VPDD FEELDX PTY LTD tại TP.HCM,Thỏa thuận,,Ho Chi Minh
Senior Automation QA Engineer,EUROFINS GSC IT VIETNAM COMPANY LIMITED,You'll love it,,Ho Chi Minh
"Software Tester (Embedded, Edge Devices)",Gremsy JSC,Thỏa thuận,,Ho Chi Minh
Business Analyst (Suppoer PM/Domain-Driven),CÔNG TY TNHH STONEPINE,Thỏa thuận,,Ho Chi Minh
Ruby on Rails Engineer (Tech Lead/Senior),"MONEY FORWARD VIETNAM CO.,LTD",You'll love it,,Ho Chi Minh
"Mobile Developer (Android, React Native)",Deliveree On-Demand Logistics,You'll love it,,Ho Chi Minh
"DevOps Engineer (AWS, English required)",ekino Vietnam,Thỏa thuận,,Ho Chi Minh
MSSQL Database Developer,Công ty TNHH Salary (Việt Nam),Thỏa thuận,,Ho Chi Minh
"QC Lead –Logistics Platform (Tester,SQL)",Smartlog,Thỏa thuận,,Ho Chi Minh
"Embedded Engineer (Linux, Kernel Driver)",Gremsy JSC,Thỏa thuận,,Ho Chi Minh
Senior/Lead - QA QC Engineer (Agile/Scrum),Bizzi Vietnam,Thỏa thuận,,Ho Chi Minh
Senior Python Developer (3 – 5 years),Pacific Technology,You'll love it,,Ho Chi Minh
(Intermediate/Senior) Data Analyst- $55K/year,Crossian,You'll love it,,Ho Chi Minh
"IT Business Analyst (BPMN 2.0, English)",IT-Development Vietnam,Thỏa thuận,,Ho Chi Minh
"Team Leader Developer (.Net Core, MVC, Docker, CI/CD)",Lac Viet Computing Corporation,Thỏa thuận,,Ho Chi Minh
"Middle QA/QC Engineer (SQL, Database)",APOLLOGIX,You'll love it,,Ho Chi Minh
Senior Backend Developer (Java/Spring Boot),APOLLOGIX,You'll love it,,Ho Chi Minh
"Engineering Manager (Backend, Microservices, AI)",LeapXpert,You'll love it,,Ho Chi Minh
"Senior Data Analyst (Python, SQL, Data Warehouse)",Ahamove,You'll love it,,Ho Chi Minh
"Senior Backend Software Engineer (Java, Go, English)",LeapXpert,You'll love it,,Ho Chi Minh
"Technical Consultant - Java, C++, C#, .Net, SQL, Linux",Murex,You'll love it,,Ho Chi Minh
Product Director,MYMIND,You'll love it,,Ho Chi Minh
"Senior Business Analyst (Agile, E-commerce, Agri-Tech)",MYMIND,You'll love it,,Ho Chi Minh
Microsoft D365 F&O Technical Expert – 24Hr Campaign,ELCA,You'll love it,,Ho Chi Minh
Microsoft D365 BC Technical Expert – 24Hr Campaign,ELCA,You'll love it,,Ho Chi Minh
"Fullstack AI Engineer (Python, Computer Vision)",TNI Tech,Thỏa thuận,,Ho Chi Minh
Frontend Technical Lead (NextJS/ReactJS),AROBID.COM,Thỏa thuận,,Ho Chi Minh
"Machine Learning Engineer (Python, SQL, REST APIs)",Ahamove,You'll love it,,Ho Chi Minh
Senior Embedded Software Engineer,DXC Luxoft Vietnam,You'll love it,,Ho Chi Minh
Game 2D Artist,CÔNG TY CỔ PHẦN SUNTEK,Thỏa thuận,,Ho Chi Minh
Game Front-End Developer (PIXI JS/ Cocos),CÔNG TY CỔ PHẦN SUNTEK,Thỏa thuận,,Ho Chi Minh
ABAP Developer/ SAP Technical Consultant,Laidon Group,You'll love it,,Ho Chi Minh
Network and Security Management Role,LINE Vietnam,You'll love it,,Ho Chi Minh
DevOps Team Lead,CODE88 COMPANY LIMITED,Thỏa thuận,,Ho Chi Minh
Backend Engineer (Python),Parcel Perform,You'll love it,,Ho Chi Minh
DevOps Engineer,CÔNG TY TNHH NEXTEDGE,You'll love it,,Ho Chi Minh
Product (UI/UX) Designer,Herond Labs,You'll love it,,Ho Chi Minh
"Mid-Senior Java Backend Developer (Spring, English)",LOGICENTRA,Thỏa thuận,,Ho Chi Minh
"Middle/Senior Software Engineer (Devops, C#, CI/CD)",MiTek Vietnam,You'll love it,,Ho Chi Minh
Frontend Developer ( Angular /AngularJS /React ),Mercatus,You'll love it,,Ho Chi Minh
Backend Developer (Golang/ MySQL/ PostgreSQL/ Nginx),Unity Sport JSC,You'll love it,,Ho Chi Minh
Chuyên viên Vận hành CoreBanking,Vietbank,Thỏa thuận,,Ho Chi Minh
AI Analyst,Parcel Perform,You'll love it,,Ho Chi Minh
"Senior Java Engineer (AWS, Spring, SOLID principles)",MYMIND,You'll love it,,Ho Chi Minh
"PHP Developer (Laravel, WordPress)",Trustify Technology,You'll love it,,Ho Chi Minh
Senior QA Engineer (Software Tester),Dai-ichi Life Việt Nam,You'll love it,,Ho Chi Minh
"Backend/Fullstack Developer (NodeJS, TypeScript)",Restaff – House Of Norway,Thỏa thuận,,Ho Chi Minh
Penetration Tester/Security Tester (Mobile Application),Sunbytes,Thỏa thuận,,Ho Chi Minh
"Jr Application Consultant (Java, Python, C#)",Avenue,You'll love it,,Ho Chi Minh
"Senior DevOps Engineer (AWS, Kubernetes)",Fastboy Marketing,You'll love it,,Ho Chi Minh
Senior/Lead PHP Engineer,Fastboy Marketing,You'll love it,,Ho Chi Minh
Frontend Software Engineer (Angular),Blogic Systems,You'll love it,,Ho Chi Minh
System Administrator (GLPI & L2 Support)– 24Hr Campaign,ELCA,You'll love it,,Ho Chi Minh
Senior Frontend Developer (ReactJS),VNGGames,You'll love it,,Ho Chi Minh
"Senior Game Server Developer (Golang, Java, Rust)",Future Game Studio,Thỏa thuận,,Ho Chi Minh
Java Developer,Renesas Design Vietnam,You'll love it,,Ho Chi Minh
Triển Khai Phần Mềm (ERP),VERP Technology Solutions JSC,You'll love it,,Ho Chi Minh
"Senior Full-stack Developer (J2EE, React) SG HN Da Nang",Arbin Instruments,Thỏa thuận,,Ho Chi Minh
"Senior Full-stack Dev (C# ASP.NET, React) SG HN Da Nang",Arbin Instruments,Thỏa thuận,,Ho Chi Minh
"Product Developer (BA, Figma, Agile, Wireframing)",OLLI,You'll love it,,Ho Chi Minh
Senior Business Analyst – 24Hr Campaign,ELCA,You'll love it,,Ho Chi Minh
QA Engineer – 24Hr Campaign,ELCA,You'll love it,,Ho Chi Minh
Senior .NET Engineer – 24Hr Campaign,ELCA,You'll love it,,Ho Chi Minh
Senior AI Engineer (LLM / RAG / PRODUCTION),AROBID.COM,You'll love it,,Ho Chi Minh
DevOps Engineer (Junior/Middle level),TIKI,You'll love it,,Ho Chi Minh
[Sign-on Bonus] Project Leader/ BrSE (Japanese N2+),NEC Vietnam,You'll love it,,Ho Chi Minh
Back-end Golang Developer,SGH Asia Ltd.,You'll love it,,Ho Chi Minh
Full-Stack Developer (ReactJS + NodeJS + Typescript),Agile Lab Pte Ltd,Thỏa thuận,,Ho Chi Minh
UI/UX Designer - Web / Mobile App / Product,Agile Lab Pte Ltd,Thỏa thuận,,Ho Chi Minh
Manual Tester (QA/QC),SPARKMINDS,You'll love it,,Ho Chi Minh
Senior Technical Product Owner (Team Lead),VUS,Thỏa thuận,,Ho Chi Minh
"Expert Backend Engineer (AWS, DevOps)",PNJ,You'll love it,,Ho Chi Minh
Java Developer (Data Integration),Fincorp.,Thỏa thuận,,Ho Chi Minh
Full-Stack Developer (TypeScript/React/Node.js),PLUS IMPACT,Thỏa thuận,,Ho Chi Minh
Senior Back End Development Executive (Golang),VUS,Thỏa thuận,,Ho Chi Minh
IT Infrastructure Server and Storage/IT Network,TOPPA SOLUTIONS,You'll love it,,Ho Chi Minh
"Fullstack Developer (NodeJS, NestJS, VueJS, Angular)",IHOUZZ TECH,You'll love it,,Ho Chi Minh
QA Automation Engineer (Python & C++),Motorola Solutions,You'll love it,,Ho Chi Minh
Remote VueJS / Nuxt Developer,Softly LLC,Thỏa thuận,,Ho Chi Minh
SAP Senior Consultant - SAP FICO Implementation,Deloitte Consulting Vietnam,You'll love it,,Ho Chi Minh
"Middle/Senior Java Developer (.Net, Python, Spring)",Alpaca Vietnam,You'll love it,,Ho Chi Minh
Cloud Engineer – Education & Managed Services,GALAXY HOLDINGS,You'll love it,,Ho Chi Minh
Mobile Developer (React Native/ IOS / MacOS),Hitachi Digital Services,You'll love it,,Ho Chi Minh
Senior UI UX Designer,Công Ty TNHH Musea Journey,You'll love it,,Ho Chi Minh
[HCMC/HN/DN] DevOps Engineer/Cloud Support Engineer(L2),The Rep. Office of STYL Solutions Pte. Ltd. In HCMC,You'll love it,,Ho Chi Minh
"Backend Developer (Golang, .NET, RoR)",Deliveree On-Demand Logistics,You'll love it,,Ho Chi Minh
Middle - Senior Backend Developer (Golang),Zyneric,Thỏa thuận,,Ho Chi Minh
QC Engineer (Tester),Laidon Group,You'll love it,,Ho Chi Minh
AI Engineer - Computer Vision (Machine Learning/Python),GLOBALTECH,You'll love it,,Ho Chi Minh
"Backend Python Developer (Flask, FastAPI, SQL, Docker)",GLOBALTECH,You'll love it,,Ho Chi Minh
"AI Engineer - NLP (Machine Learning, LLMs, API)",GLOBALTECH,You'll love it,,Ho Chi Minh
"Front-end Developer (HTML, CSS, JavaScript, API)",GLOBALTECH,You'll love it,,Ho Chi Minh
Python Developer (Middle),Capgemini Vietnam,You'll love it,,Ho Chi Minh
Senior Back-End Engineer (Python),FireGroup,You'll love it,,Ho Chi Minh
AI Engineer,Spiraledge,You'll love it,,Ho Chi Minh
Mobile Developer (Flutter) – AI-First Product Team,Spiraledge,You'll love it,,Ho Chi Minh
Golang Developer (Blockchain/web3),Nexsoft Technology,You'll love it,,Ho Chi Minh
Flutter Developer (Blockchain/Web3),Nexsoft Technology,You'll love it,,Ho Chi Minh
Backend Engineer (Kotlin/Java/Spring) - NAVER FINANCIAL,NAVER VIETNAM,You'll love it,,Ho Chi Minh
"Business Analyst (Microsoft Azure Cloud, Scrum Master)",ROSENXT TECHNOLOGY VIETNAM,You'll love it,,Ho Chi Minh
Senior Full-stack Web and AI Developer,East Agile,Thỏa thuận,,Ho Chi Minh
"DevOps Engineer (AWS, Cloud)",Deliveree On-Demand Logistics,You'll love it,,Ho Chi Minh
Unity Game Client Developer (C#),Công Ty TNHH G4M,You'll love it,,Ho Chi Minh
"Application Developer (.Net Core 6, C#, HTML, ReactJS)",Gene Solutions,You'll love it,,Ho Chi Minh
"Senior Automation Tester (QA QC, Selenium, Java)",ekino Vietnam,Thỏa thuận,,Ho Chi Minh
BI Supervisor (SQL/ English),FOUR HANDS,You'll love it,,Ho Chi Minh
Frontend Developer (Angular),Oivan,You'll love it,,Ho Chi Minh
[HCMC/HN/DN] Software Engineer (Java/PHP/Angular),The Rep. Office of STYL Solutions Pte. Ltd. In HCMC,You'll love it,,Ho Chi Minh
DevOps Engineer,Oivan,You'll love it,,Ho Chi Minh
[Hybrid] Senior Frontend Angular Developer (English),Quang Trung Software Development,You'll love it,,Ho Chi Minh
Senior Backend .NET Core 8 Developer (English),Quang Trung Software Development,You'll love it,,Ho Chi Minh
Full-Stack JavaScript Developer (All Levels Welcome),Zigvy,Thỏa thuận,,Ho Chi Minh
"Frontend Developer (ReactJS, VueJS, JavaScript)",MetaCrew,You'll love it,,Ho Chi Minh
Python Engineer (ERP Infrastructure & API Bridge),NEW IT,Thỏa thuận,,Ho Chi Minh
[Remote] C++/C# Developer - Desktop Application,VCAPTECH,Thỏa thuận,,Ho Chi Minh
PHP Developer (Laravel) - Contractor,ITBee Solutions,You'll love it,,Ho Chi Minh
Software Engineering Team Leader (Solution Architect),Simpson Strong-Tie Vietnam,You'll love it,,Ho Chi Minh
"(Senior) QA Engineer (Automation, REST API testing)",Absolute Software (Vietnam) Ltd,You'll love it,,Ho Chi Minh
Senior Backend Engineer (Golang | NodeJS),DatVietVAC,You'll love it,,Ho Chi Minh
"Senior Backend Java Engineer (Spring, React)",SourceCode,Thỏa thuận,,Ho Chi Minh
"Remote -Sr. React Native Engineer (ReactJS, Javascript)",SourceCode,You'll love it,,Ho Chi Minh
Senior Cloud Architect,ITviec Recruitment Consulting,Thỏa thuận,,Ho Chi Minh
"Sr/Jr Software Developer (C#, WinForms, .NET Framework)","ReFlex Technologies Vietnam Co., Ltd",Thỏa thuận,,Ho Chi Minh
Senior Scrum Master,Simpson Strong-Tie Vietnam,You'll love it,,Ho Chi Minh
Middle/Senior Game Artist (Photoshop/UI UX/Illustrator),RGP Software Processing,You'll love it,,Ho Chi Minh
"QA/ QC/ Tester (Windows, 3D)",Intratech Corp,You'll love it,,Ho Chi Minh
Senior Full-stack Software Engineer (.NET/ReactJS),KMS Technology,You'll love it,,Ho Chi Minh
Senior Business Analyst / Associate Product Manager,SkyLab,You'll love it,,Ho Chi Minh
"Flutter Mobile Apps Developer (Dart, Android, iOS)",Designveloper (DSV),Up to $2500,,Ho Chi Minh
Business Development Executive (IT Outsourcing),Saigon Technology,You'll love it,,Ho Chi Minh
Automation Tester (QA/QC),MiTek Vietnam,You'll love it,,Ho Chi Minh
Senior Shopify Engineer,soxes AG,Thỏa thuận,,Ho Chi Minh
"Senior/Principal Ruby on Rails Developer (AWS, Backend)","ANDPAD VietNam Co., Ltd",You'll love it,,Ho Chi Minh
"Middle/ Senior Software Engineer (C#, .NET, SQL)",MiTek Vietnam,You'll love it,,Ho Chi Minh
"AI Developer/Optimization Engineers (Python, LLM)","ARSEN Kawaijuku Tech Vietnam Co.,Ltd",You'll love it,,Ho Chi Minh
"Off-Shore IT Comtor - Delivery Manager (Korean, BrSE)",SHINHAN DS,Thỏa thuận,,Ho Chi Minh
8 C# / .NET Sr Developers - up to $3000,RANGSTRUP IT Vietnam,Thỏa thuận,,Ho Chi Minh
"Senior Fullstack Developer - Optimizely (.NET, NodeJS)",Paved Digital Pty Ltd,You'll love it,,Ho Chi Minh
Senior DevOps Engineer (Strong AWS),CODE88 COMPANY LIMITED,You'll love it,,Ho Chi Minh
Manual Tester (QA QC/English),Netcompany,You'll love it,,Ho Chi Minh
"Senior/Lead QA Engineer (QE, QC, Automation Tester)",NAB Innovation Centre Vietnam,You'll love it,,Ho Chi Minh
Lead Software Engineer – Desktop Application (Remote),VCAPTECH,Thỏa thuận,,Ho Chi Minh
CRM Data Analyst (AI Applications),CÔNG TY TNHH GIẢI PHÁP TRÍ TUỆ SỐ,You'll love it,,Ho Chi Minh
"Middle/Senior Quality Engineers (Tester, QA, Selenium)",DXC Vietnam,You'll love it,,Ho Chi Minh
Technical Project Manager (Automotive Chiplet/10 years),Bosch Global Software Technologies Company Limited,You'll love it,,Ho Chi Minh
"DevOps Engineer (Nginx, English-speaking)",EUROFINS GSC IT VIETNAM COMPANY LIMITED,You'll love it,,Ho Chi Minh
Mobile Engineer ( Swift - Middle/Senior Level),Silver Tiger Technology,Thỏa thuận,,Ho Chi Minh
Technical Lead,Officience,You'll love it,,Ho Chi Minh
"Mid/Sr AEM Backend Developer (Java, HTL, Sling, API)",SAI Digital,Thỏa thuận,,Ho Chi Minh
"Bridge Software Engineer (BrSE, Japanese N2)",bitA Viet Nam,You'll love it,,Ho Chi Minh
"Remote - Systems Developer, Golang",Softly LLC,Thỏa thuận,,Ho Chi Minh
Remote - Marketing and Social Media,Softly LLC,Thỏa thuận,,Ho Chi Minh
Remote - GPU / CUDA Developer,Softly LLC,Thỏa thuận,,Ho Chi Minh
Remote - Amazing Graphics Designer - Softly LLC,Softly LLC,Thỏa thuận,,Ho Chi Minh
"Remote - Rust blockchain developer (Sui, Move, Wasm)",Softly LLC,Thỏa thuận,,Ho Chi Minh
Website QA Manager (Tester/QA QC/English),Nakivo,Thỏa thuận,,Ho Chi Minh
Sr. Fullstack Software Engineer (Ionic/Mobile/Angular),KMS Technology,You'll love it,,Ho Chi Minh
Lead Mobile App Developer (React Native / Full Stack),ITviec Recruitment Consulting,Thỏa thuận,,Ho Chi Minh
Game Server Developer,NEXON DEV VINA,You'll love it,,Ho Chi Minh
Data Engineer,Capgemini Vietnam,You'll love it,,Ho Chi Minh
Presales Engineer (AI & Data field),Cloud Ace,You'll love it,,Ho Chi Minh
"Senior / Lead DevSecOps Engineer (AWS, Azure, Go)",Rexy Technology,You'll love it,,Ho Chi Minh
"Experienced Full-stack Developer (.NET, C#)",OMNIA SYSTEMS COMPANY LIMITED,You'll love it,,Ho Chi Minh
Cloud Engineer,Accenture,Thỏa thuận,,Ho Chi Minh
MLOps Engineer,Trusting Social,You'll love it,,Ho Chi Minh
Bridge Software Engineer (Middle/Senior/Japanese N2+),"Donuts Vietnam Co., Ltd.",You'll love it,,Ho Chi Minh
Application Engineer (TypeScript/ PHP),LIFULL Tech Vietnam,You'll love it,,Ho Chi Minh
"Senior Business Analyst (Jira, SQL, Agile)",HSC,You'll love it,,Ho Chi Minh
"Developer Manager (PHP Technical Lead, English)",Nakivo,You'll love it,,Ho Chi Minh
Junior/Senior Automation Test Engineer,KMS Technology,You'll love it,,Ho Chi Minh
Senior Embedded Security Engineer – Linux / Android,Bosch Global Software Technologies Company Limited,You'll love it,,Ho Chi Minh
"AEM Tech Lead (Java, Sling, OSGi, API)",SAI Digital,Thỏa thuận,,Ho Chi Minh
Senior QA Engineer (AI & Infrastructure focus),AMANOTES,You'll love it,,Ho Chi Minh
"(Senior) QA Engineer (Tester, Japanese N2+)","ANDPAD VietNam Co., Ltd",You'll love it,,Ho Chi Minh
[Hanoi & HCM] Principal/Senior AI/LLM Prompt Engineer,"MONEY FORWARD VIETNAM CO.,LTD",You'll love it,,Ho Chi Minh
Information Security Lead,Sun Life Vietnam Insurance Company Limited,You'll love it,,Ho Chi Minh
[Ho Chi Minh] Full-Stack Developer (ReactJS/ NodeJS),ONE Tech Stop Vietnam Company Ltd,You'll love it,,Ho Chi Minh
"Senior QC (Japanese,Manual Testing,FrontEnd & Backend)",FUJIFILM Business Innovation Việt Nam,You'll love it,,Ho Chi Minh
Mobile Engineer,S4BT Solutions for Business Travel.,You'll love it,,Ho Chi Minh
Middle/Senior Java Engineer,NAB Innovation Centre Vietnam,You'll love it,,Ho Chi Minh
Senior Shopify App Developer,Forix,You'll love it,,Ho Chi Minh
Dot Net System Application Developer,Motorola Solutions,You'll love it,,Ho Chi Minh
Embedded Software Engineer (C++/Linux),Motorola Solutions,You'll love it,,Ho Chi Minh
Principal Business Analyst (ERP),Titan DMS,You'll love it,,Ho Chi Minh
Regional IT and Cloud Specialist (APAC),IT Consultis,You'll love it,,Ho Chi Minh
"QA Automation Engineer, Embedded Video AI",Motorola Solutions,You'll love it,,Ho Chi Minh
[Da Nang / Ho Chi Minh] UI/UX Designer,ONE Tech Stop Vietnam Company Ltd,You'll love it,,Ho Chi Minh
"Jr/Mid Android Developer (Java, Kotlin, Android, IoT)",Công ty TNHH GlamoVN,You'll love it,,Ho Chi Minh
"Middle/Senior AI Engineer (LLM, NLP, RAG, Chatbot)",Công ty TNHH GlamoVN,You'll love it,,Ho Chi Minh
Middle/Senior Mobile Developer (Flutter / React Native),CÔNG TY TNHH EZ2 LAB,Thỏa thuận,,Ho Chi Minh
"Senior Project Manager (ERP, SAP, Oracle, Odoo, SQL)",CÔNG TY TNHH YONYOU NETWORK VIỆT NAM,You'll love it,,Ho Chi Minh
Manual QC Engineer (Middle),Saigon Technology,You'll love it,,Ho Chi Minh
"Senior Frontend Dev (VueJS, NuxtJS, Headless CMS)",Xenia Tech,Thỏa thuận,,Ho Chi Minh
Senior Front-End Developer (with GA4),Simpson Strong-Tie Vietnam,You'll love it,,Ho Chi Minh
[HCM & Da Nang] IT Business Analyst (English),Laidon Group,You'll love it,,Ho Chi Minh
"Technical Architect – Java (J2EE, Spring, English)",NashTech,You'll love it,,Ho Chi Minh
Senior Front-end React Developer (Good English),Unifiedpost,You'll love it,,Ho Chi Minh
"Junior Infrastructure Engineer (Networking, Linux, K8S)",Endava Việt Nam,You'll love it,,Ho Chi Minh
"5 Junior/Senior Backend Developer (.NET, C#, SQL)",TRUONG MINH THINH TECHNOLOGY JOINT STOCK COMPANY,Up to $2000,,Ho Chi Minh
UI-UX Designer (Fresher/Junior),TRUONG MINH THINH TECHNOLOGY JOINT STOCK COMPANY,You'll love it,,Ho Chi Minh
"Middle/Senior Backend Developer (Go, Java, DevOps)",YOONG,You'll love it,,Ho Chi Minh
Manual Tester (QA/QC),CÔNG TY TNHH JV-IT TECHS,Thỏa thuận,,Ho Chi Minh
Senior PHP Software Engineer (SaaS product),Rakus Vietnam Company,Thỏa thuận,,Ho Chi Minh
AI CRM Tech Lead (LLM/ML/Prompt Engineering/Python),CÔNG TY TNHH GIẢI PHÁP TRÍ TUỆ SỐ,You'll love it,,Ho Chi Minh
Automation QA Engineer (QA QC/Tester/Automation Test),Nakivo,Thỏa thuận,,Ho Chi Minh
"05 Mid/Sr Fullstack Web Developer (React, Nest.JS)",Unity In Diversity,You'll love it,,Ho Chi Minh
"Software Developer (Python, ML/AI)",EUROFINS GSC IT VIETNAM COMPANY LIMITED,You'll love it,,Ho Chi Minh
Remote FullStack Engineer,Employment Hero,You'll love it,,Ho Chi Minh
Senior Backend Engineer (Ruby/Python/NodeJS/Go/Java),Employment Hero,You'll love it,,Ho Chi Minh
Business Analyst Officer,Motorist Pte Ltd,Thỏa thuận,,Ho Chi Minh
"Full-stack Developer (HTML5, CSS3, JavaScript, English)",DYM VIET NAM,Thỏa thuận,,Ho Chi Minh
Windows Engineer (C++),NAVER VIETNAM,You'll love it,,Ho Chi Minh
Product Owner (Middle/Senior Level),Silver Tiger Technology,Thỏa thuận,,Ho Chi Minh
Mid/Sr Mobile Dev (iOS/Android) - English required,"Rakuten Fintech Vietnam Co., Ltd.",Up to $3200,,Ho Chi Minh
Backend Engineer (Java/Kotlin/Spring) - SMARTID/CLIP,NAVER VIETNAM,You'll love it,,Ho Chi Minh
Fullstack Engineer (Java/ReactJS) - Weverse,NAVER VIETNAM,You'll love it,,Ho Chi Minh
Backend Engineer (Golang - Middle/Senior Level),Silver Tiger Technology,Thỏa thuận,,Ho Chi Minh
IT Service Desk Specialist,Home Credit Vietnam,You'll love it,,Ho Chi Minh
QC Engineer (Automation - Middle/Senior Level),Silver Tiger Technology,Thỏa thuận,,Ho Chi Minh
"Business Analyst-Professional Trading (AI,Robo-Advisor)",CÔNG TY CỔ PHẦN CHỨNG KHOÁN KAFI,You'll love it,,Ho Chi Minh
Senior Manual Tester (English),Topicus Vietnam,You'll love it,,Ho Chi Minh
"Angular Developer (Financial domain, English)",Topicus Vietnam,You'll love it,,Ho Chi Minh
Lead Java Engineer,NAB Innovation Centre Vietnam,You'll love it,,Ho Chi Minh
Big Data Engineer,Trusting Social,You'll love it,,Ho Chi Minh
"Senior Frontend Engineer (TypeScript, Vue/React)",SMG Swiss Marketplace Group,Thỏa thuận,,Ho Chi Minh
Junior PHP Developer,DIGILO,Upto $800,,Ho Chi Minh
Principal Java Engineer - Nabserv,NAB Innovation Centre Vietnam,You'll love it,,Ho Chi Minh
Business Analyst – Digital Banking,CÔNG TY CỔ PHẦN CHỨNG KHOÁN KAFI,You'll love it,,Ho Chi Minh
Business Analyst – Digital Business,CÔNG TY CỔ PHẦN CHỨNG KHOÁN KAFI,You'll love it,,Ho Chi Minh
[Remote/Hybrid] Backend Engineer (Scala/Kotlin/Golang),Semrush,Thỏa thuận,,Ho Chi Minh
Backend Engineer (Golang/ Ruby on Rails),Hubble Pte. Ltd,Thỏa thuận,,Ho Chi Minh
Business Analyst/ Product Owner (Agile/Scrum),Mynavi TechTus Vietnam,Thỏa thuận,,Ho Chi Minh
Senior/Lead Backend Developer (Java),Vinamilk,Thỏa thuận,,Ho Chi Minh
Middle/ Senior Backend Engineer (Golang),Vulcan Labs,You'll love it,,Ho Chi Minh
Junior QC Engineer (Tester),"Gearment Co.,Ltd",Thỏa thuận,,Ho Chi Minh
iOS Engineer (Junior to Middle),Spartan Dev Inc,You'll love it,,Ho Chi Minh
"Senior Backend Developer (C#, .Net, SQL, RESTful APIs)",VINCENT HOLDINGS CO LTD,You'll love it,,Ho Chi Minh
CVCC Quản lý Tuân thủ CNTT (Governance/Risk/Security),Novaland,You'll love it,,Ho Chi Minh
Business Analyst ( SAP HCM payroll),Novaland,You'll love it,,Ho Chi Minh
Machine Learning Engineer (Remote),Storygold AI,Thỏa thuận,,Ho Chi Minh
"AI/Machine Learning Engineer (LLM, Fine-tuning, Agent)",AIRR Labs,Thỏa thuận,,Ho Chi Minh
"Site Reliability Engineer (Azure, English)",HRS Group,You'll love it,,Ho Chi Minh
Backend Engineer (AI Project),AIRR Labs,Thỏa thuận,,Ho Chi Minh
Java Developer (10 headcounts),POSCO DX VIETNAM,You'll love it,,Ho Chi Minh
"Fullstack Engineer (Typescript/Python, English)",SMG Swiss Marketplace Group,Thỏa thuận,,Ho Chi Minh
[Mabinogi] LIVE Service/Game Developer (C++),NEXON DEV VINA,You'll love it,,Ho Chi Minh
.NET Fullstack Developer,Finit Consulting Vietnam,You'll love it,,Ho Chi Minh
"Mid/Senior iOS Engineer (Swift, SwiftUI)",SMG Swiss Marketplace Group,Thỏa thuận,,Ho Chi Minh
Middle/Senior Front-End Developer,Laidon Group,You'll love it,,Ho Chi Minh
Fullstack Developer (Ruby/NodeJS/Go/PHP/Python),Nimble,You'll love it,,Ho Chi Minh
Senior Frontend Engineer (React/Next.js),Annam Software Company,Thỏa thuận,,Ho Chi Minh
Technical Lead (Ruby/NodeJS/Go/PHP/Python),Nimble,You'll love it,,Ho Chi Minh
Temporary Contract - Mid Backend (prefer Golang/NodeJS),Onpoint,You'll love it,,Ho Chi Minh
Junior QC Automation,Deliveree On-Demand Logistics,You'll love it,,Ho Chi Minh
"Senior Golang Developer (Backend, AWS, MySQL)","ANDPAD VietNam Co., Ltd",You'll love it,,Ho Chi Minh
Principal Frontend Engineer (ReactJS/VueJS),"ANDPAD VietNam Co., Ltd",You'll love it,,Ho Chi Minh
Fullstack Developer (Python/ Golang/ C++),OceanNet Software,Thỏa thuận,,Ho Chi Minh
Mid-Senior Unity Developer (Music EdTech Startup),Công Ty TNHH Musea Journey,You'll love it,,Ho Chi Minh
Senior Product Owner,Agent-X,You'll love it,,Ho Chi Minh
"Fullstack Engineer (Angular, .NET)",S4BT Solutions for Business Travel.,You'll love it,,Ho Chi Minh
UI/UX Designer (Figma),S4BT Solutions for Business Travel.,You'll love it,,Ho Chi Minh
"Data Analyst (Power BI, SQL server)",S4BT Solutions for Business Travel.,You'll love it,,Ho Chi Minh
"QA Automation Engineer (TypeScript, Selenium)",S4BT Solutions for Business Travel.,You'll love it,,Ho Chi Minh
Solution Architect (Java/Python/Golang),GFT Technologies Vietnam,You'll love it,,Ho Chi Minh
"Java Engineer (Spring, Junit) From 5 Years",Rakus Vietnam Company,From $1300,,Ho Chi Minh
Full-stack Developer (Middle/Senior),PAL TECH,Thỏa thuận,,Ho Chi Minh
Intermediate/Senior AI Engineer (Python),Crossian,You'll love it,,Ho Chi Minh
AI/ML Ops Engineer,Crossian,You'll love it,,Ho Chi Minh
"[Hybrid/Remote] Senior Fullstack (NET, React/Angular)",RIKKEISOFT,You'll love it,,Ho Chi Minh
Nhân viên quản trị mạng (Network Administrator),Tổng công ty Tân Cảng Sài Gòn (Saigon NewPort Corporation),Thỏa thuận,,Ho Chi Minh
[Da Nang & Ho Chi Minh] Technical Architect,ONE Tech Stop Vietnam Company Ltd,Thỏa thuận,,Ho Chi Minh
"Fullstack Software Engineer (TypeScript, GenAI, LLM)",PAPAYA INSURTECH,You'll love it,,Ho Chi Minh
"Jr/ Sr Full-Stack DevOps Engineer (AWS, Azure, English)",HDWEBSOFT,You'll love it,,Ho Chi Minh
[Remote] Mid/Sr. Product Engineer (Python/LLM/AI),DevWire LTD,Thỏa thuận,,Ho Chi Minh
Backend Developer (NodeJS/ Java),CÔNG TY TNHH STONEPINE,You'll love it,,Ho Chi Minh
Senior AI Engineering,TymeX,You'll love it,,Ho Chi Minh
"BackEnd Developer(NodeJS, AWS)",CÔNG TY TNHH AI MED ENGINE,Thỏa thuận,,Ho Chi Minh
SQL Developer,Capgemini Vietnam,You'll love it,,Ho Chi Minh
Full-stack Ruby Developer,CodeLink,You'll love it,,Ho Chi Minh
Junior Android Developer (Kotlin/Java),Motorist Pte Ltd,Thỏa thuận,,Ho Chi Minh
UI/UX Designer,Digital Unicorn,You'll love it,,Ho Chi Minh
"Senior Data Analyst (Python, SQL, ETL)",Saigon Technology,You'll love it,,Ho Chi Minh
Product Owner (Domain Ecommerce/CRM),YODY Fashion,Thỏa thuận,,Ho Chi Minh
Project Manager / Product Manager,Spartan Dev Inc,You'll love it,,Ho Chi Minh
Jr/Mid Fullstack Java Engineer (Angular/ReactJS),KMS Technology,You'll love it,,Ho Chi Minh
"AI Architecture Lead (LLMs, AI APIs, Python, NodeJS)",HDS Services Vietnam,You'll love it,,Ho Chi Minh
Senior Agentics AI Engineer,VinSmart Future,You'll love it,,Ho Chi Minh
Software Engineer (.Net/Java/SQL),OL Vietnam,You'll love it,,Ho Chi Minh
Front-end Engineer (JavaScript/TypeScript/React),OL Vietnam,You'll love it,,Ho Chi Minh
Junior - Senior C++ SECURITY SOFTWARE ENGINEER,IVC (ISB Vietnam),Thỏa thuận,,Ho Chi Minh
Middle Data Engineer (SQL/ Python/ Cloud) - Contractor,ITBee Solutions,Thỏa thuận,,Ho Chi Minh
Data Engineer Fresher,Cigro Inc.,You'll love it,,Ho Chi Minh
Android Engineer (Junior - Middle),Spartan Dev Inc,You'll love it,,Ho Chi Minh
"Project Leader (.Net/Java/PHP, JavaScript) - Japanese",ISV Vietnam,You'll love it,,Ho Chi Minh
Technical Lead (Golang/Java),Virtual Security Lab Cyber Risk Management Services L.L.C,You'll love it,,Ho Chi Minh
Senior AI Developer (Python),"ARSEN Kawaijuku Tech Vietnam Co.,Ltd",You'll love it,,Ho Chi Minh
"Frontend Developer (React Native, ReactJS, JavaScript)",Restaff – House Of Norway,Thỏa thuận,,Ho Chi Minh
"Senior Data Engineer (Java, Python)",CÔNG TY CỔ PHẦN CHỨNG KHOÁN KAFI,You'll love it,,Ho Chi Minh
Java Developer,CÔNG TY TNHH NEXTEDGE,You'll love it,,Ho Chi Minh
ERP Manager,PNJ,You'll love it,,Ho Chi Minh
Mobile Application Developer (Flutter/Dart/Android/IOS),VUS,Thỏa thuận,,Ho Chi Minh
"Senior iOS Developer (Mobile, Flutter)",ekino Vietnam,Thỏa thuận,,Ho Chi Minh
Mobile Developer (React JS/React Native),Fincorp.,Thỏa thuận,,Ho Chi Minh
"Senior/Junior Full-stack Test Engineer (Java, Selenium)",KMS Technology,You'll love it,,Ho Chi Minh
Senior Project Manager (PM),Floating Cube Studios,You'll love it,,Ho Chi Minh
(Middle/Senior) Back-end NodeJS Engineer,BAN VIEN CORPORATION,You'll love it,,Ho Chi Minh
Senior Java Developer,Simpson Strong-Tie Vietnam,You'll love it,,Ho Chi Minh
"Software Engineer (Java, Javascript)",FUJIFILM Business Innovation Việt Nam,You'll love it,,Ho Chi Minh
"Backend Technical Lead (Java, Golang, NextJS, API)",CÔNG TY CỔ PHẦN CHỨNG KHOÁN KAFI,You'll love it,,Ho Chi Minh
"Principal Data Engineer (AWS, SQL, Data Architecture)",Sun Life Vietnam Insurance Company Limited,You'll love it,,Ho Chi Minh
"DevOps/SRE (CI/CD, Observability, Release Safety)",AiClipX,Thỏa thuận,,Ho Chi Minh
Technical Scrum Master,TymeX,You'll love it,,Ho Chi Minh
Senior DevOps Engineer (AWS),KMS Technology,You'll love it,,Ho Chi Minh
IT Manager (Logistics & Freight Forwarding),Công Ty TNHH Mol Logistics,You'll love it,,Ho Chi Minh
Senior Systems/ Application Support Engineer (C#/ .NET),Thoughtworks Vietnam,You'll love it,,Ho Chi Minh
"Senior Product Manager (AI, English)",HRS Group,You'll love it,,Ho Chi Minh
"Senior Backend Engineer (Java, AI, English)",HRS Group,You'll love it,,Ho Chi Minh
Business Analyst (POS Products),Blogic Systems,You'll love it,,Ho Chi Minh
"Software Developer (ASP.NET, C#, MVC)",Công ty TNHH Salary (Việt Nam),You'll love it,,Ho Chi Minh
"Product Manager (SQL, Business Analysis, English)",Công ty TNHH Salary (Việt Nam),You'll love it,,Ho Chi Minh
"Senior Backend Developer (Java, Spring Boot)",Serdao,Thỏa thuận,,Ho Chi Minh
Site Reliability Engineer (Junior - Middle),Spartan Dev Inc,You'll love it,,Ho Chi Minh
"Senior Automation Tester (Robot Framework, Playwright)",Hansen Technologies,You'll love it,,Ho Chi Minh
"QC Engineer (Jira, Zephyr, TestRail)",Virtual Security Lab Cyber Risk Management Services L.L.C,You'll love it,,Ho Chi Minh
DevOps Engineer (AWS),Hansen Technologies,You'll love it,,Ho Chi Minh
Senior QA Engineer,Annam Software Company,Thỏa thuận,,Ho Chi Minh
Python Developer,Accenture,You'll love it,,Ho Chi Minh
Senior Backend Engineer,Parcel Perform,You'll love it,,Ho Chi Minh
"Senior QA Engineer (5yrs+, Automation Tester, Good Eng)",Unifiedpost,You'll love it,,Ho Chi Minh
(Middle/Senior) Project Manager cum Business Analyst,Inbox4us,Thỏa thuận,,Ho Chi Minh
"Senior PHP Engineer (Symfony / Laravel, ERP Systems)",Gradion,You'll love it,,Ho Chi Minh
Senior AI Engineer,FireGroup,You'll love it,,Ho Chi Minh
"Midde/Senior Mobile Engineer, Android/iOS/RN",M_Service (MoMo),You'll love it,,Ho Chi Minh
Mid/senior Fullstack Engineer (Python/Node.js),Inbox4us,Thỏa thuận,,Ho Chi Minh
